pr_id,repo,ast_total_nodes,ast_max_depth,ast_files_parsed,ast_files_attempted,ast_files_fallback,ast_parse_success_rate,ast_error_node_count,ast_func_def_count,ast_class_def_count,ast_if_count,ast_loop_count,ast_try_count,ast_return_count,ast_assignment_count
2982655795,kubernetes/kubernetes,38,10,1,1,0,1.0,3,0,0,0,0,0,0,0
2986965670,kubernetes/kubernetes,108,12,1,1,0,1.0,0,1,0,1,0,0,2,3
3053707565,kubernetes/kubernetes,0,0,0,0,0,0.0,0,0,0,0,0,0,0,0
3074670104,kubernetes/kubernetes,40,10,1,1,0,1.0,0,0,0,0,0,0,0,1
3487370131,kubernetes/kubernetes,28166,896,54,55,0,0.9818,75,228,61,99,21,0,309,265
3204855521,kubernetes/kubernetes,209,48,5,5,0,1.0,9,0,0,1,0,0,0,0
3302895842,kubernetes/kubernetes,7,3,1,1,0,1.0,1,0,0,0,0,0,0,0
3039082353,kubernetes/kubernetes,0,0,0,1,0,0.0,0,0,0,0,0,0,0,0
3281299634,kubernetes/kubernetes,740,70,10,10,0,1.0,10,3,2,0,0,0,0,2
3046860696,kubernetes/kubernetes,334,78,7,7,0,1.0,1,0,0,0,0,0,0,6
3036711672,kubernetes/kubernetes,29,7,7,7,0,1.0,0,0,0,0,0,0,0,0
3833898790,kubernetes/kubernetes,1259,71,7,7,0,1.0,16,4,0,6,0,0,8,20
3142304538,kubernetes/kubernetes,332,9,1,1,0,1.0,8,0,0,0,2,0,0,5
3267518995,kubernetes/kubernetes,27,5,1,1,0,1.0,0,0,0,0,0,0,0,0
3493625409,kubernetes/kubernetes,732,59,5,6,0,0.8333,11,2,1,6,2,0,0,9
3085495453,kubernetes/kubernetes,93,5,1,1,0,1.0,1,0,0,0,0,0,0,0
3211428612,kubernetes/kubernetes,1982,25,1,1,0,1.0,0,3,0,22,1,0,0,55
3225314552,kubernetes/kubernetes,648,33,4,4,0,1.0,13,2,0,0,0,0,6,11
3460530224,kubernetes/kubernetes,2300,93,6,6,0,1.0,2,20,1,10,6,0,12,29
3499150229,kubernetes/kubernetes,70,5,1,1,0,1.0,0,0,0,0,0,0,0,0
3420898872,kubernetes/kubernetes,37,10,1,1,0,1.0,3,0,0,0,0,0,0,0
3620716268,kubernetes/kubernetes,0,0,0,0,0,0.0,0,0,0,0,0,0,0,0
3061743078,kubernetes/kubernetes,30,8,2,2,0,1.0,0,0,0,0,0,0,0,1
3682155935,kubernetes/kubernetes,1011,24,3,3,0,1.0,9,6,3,4,4,0,7,16
3403091034,kubernetes/kubernetes,1603,53,5,5,0,1.0,3,2,1,14,4,0,3,30
3424138634,kubernetes/kubernetes,10307,117,3,3,0,1.0,31,36,3,63,0,0,63,111
3357473713,kubernetes/kubernetes,96,11,1,1,0,1.0,0,0,0,0,0,0,0,2
2985728044,kubernetes/kubernetes,3,1,1,1,0,1.0,0,0,0,0,0,0,0,0
3121626860,kubernetes/kubernetes,97,13,1,1,0,1.0,1,0,0,1,0,0,0,3
3332465594,kubernetes/kubernetes,1602,84,11,11,0,1.0,29,4,0,7,4,0,12,23
3446672991,kubernetes/kubernetes,200,23,3,3,0,1.0,11,1,3,0,0,0,0,0
2981967498,kubernetes/kubernetes,0,0,0,0,0,0.0,0,0,0,0,0,0,0,0
3430470810,kubernetes/kubernetes,899,35,2,2,0,1.0,7,1,0,4,3,0,2,12
3670871898,kubernetes/kubernetes,594,37,3,3,0,1.0,3,2,0,3,1,0,5,4
3203330000,kubernetes/kubernetes,33,7,1,1,0,1.0,0,0,0,0,0,0,0,1
3888134347,kubernetes/kubernetes,1996,86,8,8,0,1.0,22,5,6,21,5,0,10,25
3153460445,kubernetes/kubernetes,3666,105,10,10,0,1.0,39,16,0,19,0,0,26,41
3150338516,kubernetes/kubernetes,4628,65,4,4,0,1.0,1,4,1,53,2,0,5,42
3843302387,kubernetes/kubernetes,0,0,0,0,0,0.0,0,0,0,0,0,0,0,0
3670258196,kubernetes/kubernetes,66,6,1,1,0,1.0,6,0,0,0,0,0,0,0
3274762548,kubernetes/kubernetes,163,27,3,3,0,1.0,5,0,0,1,0,0,2,1
3594731923,kubernetes/kubernetes,2642,28,2,2,0,1.0,0,39,0,0,0,0,0,41
3271729782,kubernetes/kubernetes,1714,34,4,4,0,1.0,21,2,0,11,0,0,12,38
3409856973,kubernetes/kubernetes,4559,102,12,12,0,1.0,93,8,2,13,6,0,17,25
3883663022,kubernetes/kubernetes,643,34,4,6,0,0.6667,2,3,2,6,4,0,5,3
3297197856,kubernetes/kubernetes,361,17,4,4,0,1.0,5,0,0,0,0,0,0,0
3008704156,kubernetes/kubernetes,9479,172,13,16,0,0.8125,27,38,4,51,27,0,47,125
3271605094,kubernetes/kubernetes,6700,164,11,11,0,1.0,24,17,11,65,20,0,22,88
3208176889,kubernetes/kubernetes,1068,23,2,2,0,1.0,6,7,0,3,0,0,0,13
3432160310,kubernetes/kubernetes,104,14,2,2,0,1.0,0,1,0,0,0,0,0,1
3650810808,kubernetes/kubernetes,1021,45,3,3,0,1.0,1,2,0,7,4,0,2,20
3603435686,kubernetes/kubernetes,1184,72,8,8,0,1.0,1,24,0,6,2,0,25,13
3929598222,kubernetes/kubernetes,0,0,0,0,0,0.0,0,0,0,0,0,0,0,0
3054982686,kubernetes/kubernetes,3263,207,24,27,0,0.8889,63,10,2,22,3,0,27,81
3068213159,kubernetes/kubernetes,4991,68,7,8,0,0.875,51,6,0,1,0,0,7,9
3688324818,kubernetes/kubernetes,289,12,1,1,0,1.0,4,0,0,1,0,0,1,10
3041262302,kubernetes/kubernetes,1908,92,9,9,0,1.0,19,7,2,21,4,0,25,34
3389046387,kubernetes/kubernetes,23558,367,21,22,0,0.9545,3,119,15,49,54,0,39,316
3108595992,kubernetes/kubernetes,48126,1777,152,156,0,0.9744,715,104,86,168,80,0,143,522
3009091335,kubernetes/kubernetes,1115,64,7,7,0,1.0,37,1,0,0,0,0,6,3
3235947299,kubernetes/kubernetes,2508,79,9,9,0,1.0,87,4,33,9,10,0,8,19
3073584871,kubernetes/kubernetes,61,9,1,1,0,1.0,0,0,0,2,0,0,0,3
3637017076,kubernetes/kubernetes,346617,9078,1185,1249,0,0.9488,3789,1169,414,1287,385,0,1707,3355
3345905754,kubernetes/kubernetes,66,15,2,2,0,1.0,3,0,0,0,0,0,0,0
3872801735,kubernetes/kubernetes,49,3,1,1,0,1.0,6,0,0,0,0,0,0,0
3254827553,kubernetes/kubernetes,1232,136,26,26,0,1.0,0,0,0,0,0,0,1,19
3334142813,kubernetes/kubernetes,274,11,2,2,0,1.0,0,0,0,0,0,0,0,1
3245774574,kubernetes/kubernetes,45,9,1,1,0,1.0,0,0,0,0,0,0,1,0
3193862952,kubernetes/kubernetes,5108,90,5,5,0,1.0,19,6,0,11,5,0,5,82
3378757732,kubernetes/kubernetes,1351864,19779,1463,1535,0,0.9531,9871,6038,1943,7866,1952,0,7732,16446
3190964464,kubernetes/kubernetes,2399,171,26,26,0,1.0,11,0,0,0,0,0,0,44
3071400833,kubernetes/kubernetes,35,5,1,1,0,1.0,0,0,0,1,0,0,0,0
3338524883,kubernetes/kubernetes,44541,441,21,22,0,0.9545,68,153,78,268,164,0,144,532
2978508787,kubernetes/kubernetes,310,30,3,3,0,1.0,5,1,0,2,0,0,3,7
3509320248,kubernetes/kubernetes,282,40,2,2,0,1.0,6,2,0,2,0,0,4,2
3198750968,kubernetes/kubernetes,0,0,0,0,0,0.0,0,0,0,0,0,0,0,0
2977157528,kubernetes/kubernetes,72,10,1,1,0,1.0,5,0,0,0,0,0,0,0
3499327332,kubernetes/kubernetes,53,10,1,1,0,1.0,0,0,0,0,0,0,0,1
3143765012,kubernetes/kubernetes,79,16,2,2,0,1.0,3,0,0,1,0,0,1,0
3911849086,kubernetes/kubernetes,2183,43,2,2,0,1.0,7,7,7,14,5,0,10,27
3099566414,kubernetes/kubernetes,962,60,6,6,0,1.0,0,5,0,0,0,0,3,9
3223287207,kubernetes/kubernetes,38,8,1,1,0,1.0,0,0,0,1,0,0,0,0
3159654935,kubernetes/kubernetes,29,6,1,1,0,1.0,0,0,0,0,0,0,0,0
3152298458,kubernetes/kubernetes,1024,35,1,1,0,1.0,0,4,0,1,0,0,0,12
3050499854,kubernetes/kubernetes,0,0,0,1,0,0.0,0,0,0,0,0,0,0,0
3413940993,kubernetes/kubernetes,23,5,1,1,0,1.0,1,0,0,0,0,0,0,0
3457977587,kubernetes/kubernetes,1731,33,2,2,0,1.0,31,1,0,8,2,0,9,6
3841092668,kubernetes/kubernetes,2208,55,4,4,0,1.0,0,11,0,16,2,0,5,59
3660721355,kubernetes/kubernetes,713,47,10,10,0,1.0,16,0,0,0,0,0,2,2
3363605870,kubernetes/kubernetes,726,54,6,6,0,1.0,0,3,3,3,2,0,4,11
3524575785,kubernetes/kubernetes,26997,442,52,52,0,1.0,252,189,95,151,67,0,252,310
3329956151,kubernetes/kubernetes,1498,19,1,1,0,1.0,3,6,0,14,0,0,12,31
3159244828,kubernetes/kubernetes,44,14,2,3,0,0.6667,0,2,0,0,0,0,0,0
3230256228,kubernetes/kubernetes,2553,23,1,1,0,1.0,0,12,6,15,12,0,0,26
3750884067,kubernetes/kubernetes,364,23,2,2,0,1.0,0,1,0,2,0,0,0,6
3646781341,kubernetes/kubernetes,0,0,0,0,0,0.0,0,0,0,0,0,0,0,0
3191660869,kubernetes/kubernetes,49,4,1,1,0,1.0,6,0,0,0,0,0,0,0
3945380838,kubernetes/kubernetes,0,0,0,0,0,0.0,0,0,0,0,0,0,0,0
2985733453,kubernetes/kubernetes,71,9,2,2,0,1.0,2,0,0,0,0,0,0,1
3372548945,kubernetes/kubernetes,42,12,2,2,0,1.0,0,0,0,0,0,0,0,2
3440233956,kubernetes/kubernetes,983,41,2,2,0,1.0,18,0,0,0,2,0,3,6
3172452881,kubernetes/kubernetes,0,0,0,0,0,0.0,0,0,0,0,0,0,0,0
3761488119,kubernetes/kubernetes,192,11,1,1,0,1.0,0,3,0,1,0,0,0,1
3357709548,kubernetes/kubernetes,188,12,1,1,0,1.0,1,0,0,0,0,0,3,3
3249584903,kubernetes/kubernetes,478,32,2,2,0,1.0,2,2,0,0,0,0,0,8
2974457019,kubernetes/kubernetes,335,9,1,1,0,1.0,0,0,0,1,0,0,8,1
3722742568,kubernetes/kubernetes,417,24,3,3,0,1.0,2,2,0,2,0,0,6,9
3338916262,kubernetes/kubernetes,71,8,1,1,0,1.0,2,0,0,0,0,0,0,2
3625931259,kubernetes/kubernetes,753,42,2,4,0,0.5,21,1,0,0,4,0,2,4
3352659723,kubernetes/kubernetes,3666242,29332,1856,1856,3,1.0,38,19414,5339,24417,9047,4,24551,48446
3303754336,kubernetes/kubernetes,57,8,2,2,0,1.0,3,0,0,0,0,0,0,1
3015351383,kubernetes/kubernetes,162,10,1,1,0,1.0,0,2,0,0,0,0,0,1
3906394042,kubernetes/kubernetes,128,19,2,2,0,1.0,0,1,0,1,0,0,2,3
3160029736,kubernetes/kubernetes,34,10,1,1,0,1.0,0,0,0,1,0,0,0,1
3123733473,kubernetes/kubernetes,0,0,0,0,0,0.0,0,0,0,0,0,0,0,0
3182153720,kubernetes/kubernetes,255,20,2,2,0,1.0,0,0,0,3,4,0,0,6
3409534761,kubernetes/kubernetes,93,6,1,1,0,1.0,1,0,0,0,0,0,0,0
3153160437,kubernetes/kubernetes,64,11,2,2,0,1.0,0,0,0,0,0,0,0,0
3494333926,kubernetes/kubernetes,4072,104,6,6,0,1.0,0,27,11,10,2,0,32,36
3095542113,kubernetes/kubernetes,504,8,1,1,0,1.0,0,0,0,0,0,0,0,0
3392864590,kubernetes/kubernetes,1357,86,7,7,0,1.0,15,5,1,5,2,0,4,12
3718584725,kubernetes/kubernetes,110,17,4,4,0,1.0,5,1,0,0,0,0,1,1
2999466359,kubernetes/kubernetes,0,0,0,1,0,0.0,0,0,0,0,0,0,0,0
3630398545,kubernetes/kubernetes,14,3,1,1,0,1.0,1,0,0,0,0,0,0,0
3624624397,kubernetes/kubernetes,22966,131,9,9,0,1.0,194,9,5,9,6,0,11,19
3672062965,kubernetes/kubernetes,5161,78,3,3,0,1.0,0,22,17,42,8,0,24,64
3266572746,kubernetes/kubernetes,180,24,2,2,0,1.0,1,1,0,0,0,0,2,2
3278588752,kubernetes/kubernetes,45,6,1,1,0,1.0,1,0,0,0,0,0,2,0
3530540317,kubernetes/kubernetes,3670,104,6,6,0,1.0,0,23,9,19,7,0,34,48
3881811907,kubernetes/kubernetes,324,12,1,1,0,1.0,2,0,0,3,0,0,2,2
3088866697,kubernetes/kubernetes,0,0,0,0,0,0.0,0,0,0,0,0,0,0,0
3358822026,kubernetes/kubernetes,0,0,0,2,0,0.0,0,0,0,0,0,0,0,0
3088523298,kubernetes/kubernetes,0,0,0,0,0,0.0,0,0,0,0,0,0,0,0
3164968573,kubernetes/kubernetes,1076,40,6,6,0,1.0,5,0,0,0,0,0,2,10
3745317567,kubernetes/kubernetes,745,19,1,1,0,1.0,0,1,0,5,2,0,0,15
3392238138,kubernetes/kubernetes,37,10,1,1,0,1.0,3,0,0,0,0,0,0,0
3118134796,kubernetes/kubernetes,709,32,4,4,0,1.0,15,3,0,1,1,0,2,5
3915325704,kubernetes/kubernetes,16,5,1,1,0,1.0,1,0,0,0,0,0,0,0
3597827156,kubernetes/kubernetes,1631,62,3,3,0,1.0,10,9,6,8,5,0,9,31
3114094368,kubernetes/kubernetes,169,17,1,1,0,1.0,0,2,0,1,0,0,3,3
3582439615,kubernetes/kubernetes,9143,128,11,11,0,1.0,1,58,37,89,20,0,112,211
3366714700,kubernetes/kubernetes,601,56,4,4,0,1.0,5,0,0,6,0,0,3,3
3065696649,kubernetes/kubernetes,129,8,1,1,0,1.0,1,0,0,0,0,0,0,8
3372177381,kubernetes/kubernetes,1828,118,11,11,0,1.0,18,6,2,10,3,0,8,24
3121273987,kubernetes/kubernetes,469,31,2,2,0,1.0,4,5,0,3,5,0,7,7
3649542275,kubernetes/kubernetes,9518,150,10,11,0,0.9091,36,37,16,54,37,0,36,124
3043151466,kubernetes/kubernetes,26,5,1,1,0,1.0,0,0,0,0,0,0,0,0
3070786897,kubernetes/kubernetes,3668,162,11,11,0,1.0,45,28,4,9,10,0,19,48
3247013170,kubernetes/kubernetes,82,10,2,2,0,1.0,2,0,0,0,0,0,0,0
3139295151,kubernetes/kubernetes,405,38,4,4,0,1.0,6,1,0,3,4,0,4,8
3486092550,kubernetes/kubernetes,44,11,2,2,0,1.0,0,0,0,0,0,0,0,2
3712598917,kubernetes/kubernetes,225,44,1,1,0,1.0,0,0,0,0,0,0,0,1
3395460360,kubernetes/kubernetes,2,1,1,1,0,1.0,0,0,0,0,0,0,0,0
3274099378,kubernetes/kubernetes,532,38,2,2,0,1.0,2,3,0,0,0,0,2,6
3784593325,kubernetes/kubernetes,138,27,4,4,0,1.0,3,0,0,0,0,0,0,4
3071407036,kubernetes/kubernetes,106,15,3,3,0,1.0,0,0,9,0,0,0,0,0
3276187138,kubernetes/kubernetes,33,7,1,1,0,1.0,0,0,0,0,0,0,0,1
3006244535,kubernetes/kubernetes,1163,40,2,2,0,1.0,0,7,2,0,8,0,3,9
3718947754,kubernetes/kubernetes,0,0,0,0,0,0.0,0,0,0,0,0,0,0,0
2990699392,kubernetes/kubernetes,26746,583,35,35,0,1.0,118,112,78,102,64,0,128,278
3152590631,kubernetes/kubernetes,8,3,1,2,0,0.5,0,0,0,0,0,0,1,0
3467807204,kubernetes/kubernetes,297,55,6,6,0,1.0,1,3,0,2,0,0,4,2
3322894637,kubernetes/kubernetes,72,12,1,1,0,1.0,0,0,0,0,0,0,0,1
3320797130,kubernetes/kubernetes,384,16,1,1,0,1.0,2,2,0,0,0,0,2,3
3756859609,kubernetes/kubernetes,447,18,2,2,0,1.0,21,0,0,1,2,0,0,4
3183883629,kubernetes/kubernetes,63,7,1,1,0,1.0,0,0,0,0,0,0,0,1
3626214824,kubernetes/kubernetes,464,34,2,2,0,1.0,0,2,1,5,5,0,0,10
3062627254,kubernetes/kubernetes,2340,52,5,5,0,1.0,22,7,0,23,1,0,3,26
3195838743,kubernetes/kubernetes,134,30,3,3,0,1.0,4,0,0,2,0,0,0,0
3688946691,kubernetes/kubernetes,52,10,3,3,0,1.0,1,0,0,0,0,0,0,1
3157176799,kubernetes/kubernetes,596,44,6,8,0,0.75,29,5,0,1,2,0,1,1
3075474503,kubernetes/kubernetes,30,5,2,2,0,1.0,0,0,0,0,0,0,0,2
3162906825,kubernetes/kubernetes,5556,214,29,42,0,0.6905,116,5,0,5,0,0,9,70
3224921125,kubernetes/kubernetes,527,11,1,1,0,1.0,1,1,0,4,0,0,4,16
3157903881,kubernetes/kubernetes,91,13,2,2,0,1.0,10,0,0,0,0,0,0,0
3703267108,kubernetes/kubernetes,473,16,1,1,0,1.0,0,1,0,0,0,0,0,8
3757193030,kubernetes/kubernetes,6271,77,4,4,0,1.0,42,6,7,18,9,0,21,43
3966235215,kubernetes/kubernetes,572,26,2,2,0,1.0,14,1,0,1,1,0,1,12
3694345928,kubernetes/kubernetes,4169,45,2,2,0,1.0,0,13,4,15,14,0,9,101
3161216154,kubernetes/kubernetes,0,0,0,0,0,0.0,0,0,0,0,0,0,0,0
3167312425,kubernetes/kubernetes,0,0,0,0,0,0.0,0,0,0,0,0,0,0,0
3105236483,kubernetes/kubernetes,1614,85,8,8,0,1.0,17,14,0,8,0,0,16,19
3184945714,kubernetes/kubernetes,0,0,0,0,0,0.0,0,0,0,0,0,0,0,0
3163304734,kubernetes/kubernetes,114,27,6,6,0,1.0,1,0,0,0,0,0,0,0
3079316688,kubernetes/kubernetes,1525,47,5,5,0,1.0,0,12,1,6,2,0,17,17
3140598676,kubernetes/kubernetes,4519,165,20,20,0,1.0,112,2,0,0,0,0,7,55
2976940336,kubernetes/kubernetes,752,67,10,11,0,0.9091,4,1,2,2,0,0,2,19
3230801441,kubernetes/kubernetes,13322,940,127,127,0,1.0,228,11,3,0,11,0,53,216
3474335033,kubernetes/kubernetes,172,16,2,2,0,1.0,0,1,0,1,0,0,2,3
3363833434,kubernetes/kubernetes,3749,86,6,6,0,1.0,4,15,8,14,14,0,12,31
3705663107,kubernetes/kubernetes,201,17,2,2,0,1.0,0,1,0,3,0,0,0,5
3125730521,kubernetes/kubernetes,0,0,0,1,0,0.0,0,0,0,0,0,0,0,0
3185174731,kubernetes/kubernetes,0,0,0,0,0,0.0,0,0,0,0,0,0,0,0
3420990114,kubernetes/kubernetes,2111,67,3,3,0,1.0,17,5,1,9,6,0,8,15
3411868932,kubernetes/kubernetes,2069,17,1,1,0,1.0,2,2,0,0,0,0,0,47
3254629315,kubernetes/kubernetes,4452,51,2,2,0,1.0,0,22,5,22,2,0,28,66
2981388811,kubernetes/kubernetes,531,40,5,5,0,1.0,3,1,0,7,0,0,6,13
3421723935,kubernetes/kubernetes,0,0,0,1,0,0.0,0,0,0,0,0,0,0,0
3512897567,kubernetes/kubernetes,493,28,3,3,0,1.0,3,4,5,0,0,0,3,5
3644969006,kubernetes/kubernetes,0,0,0,0,0,0.0,0,0,0,0,0,0,0,0
3913645687,kubernetes/kubernetes,237,17,2,2,0,1.0,11,2,0,1,0,0,1,4
2989434305,kubernetes/kubernetes,67,6,1,1,0,1.0,1,0,0,0,0,0,0,0
3397119173,kubernetes/kubernetes,1932,27,2,2,0,1.0,54,7,6,2,4,0,10,4
3871610258,kubernetes/kubernetes,41,9,1,1,0,1.0,0,0,0,1,0,0,1,0
3313896130,kubernetes/kubernetes,75,12,3,3,0,1.0,7,0,0,0,0,0,2,0
3364095856,kubernetes/kubernetes,22190,146,8,8,0,1.0,22,39,21,49,63,0,48,115
3070792182,kubernetes/kubernetes,3829,149,8,8,0,1.0,37,12,0,16,6,0,11,43
3155770677,kubernetes/kubernetes,140,17,1,1,0,1.0,0,2,0,2,0,0,4,1
3130958721,kubernetes/kubernetes,5690,220,28,28,0,1.0,5,47,0,34,0,0,78,69
2986968630,kubernetes/kubernetes,108,12,1,1,0,1.0,0,1,0,1,0,0,2,3
3614196740,kubernetes/kubernetes,42,8,2,4,0,0.5,2,0,0,0,0,0,0,0
3982895230,kubernetes/kubernetes,1646,39,2,2,0,1.0,0,7,0,14,6,0,6,25
3205230496,kubernetes/kubernetes,37,5,1,1,0,1.0,1,0,0,0,0,0,0,0
3199907078,kubernetes/kubernetes,0,0,0,0,0,0.0,0,0,0,0,0,0,0,0
3921957020,kubernetes/kubernetes,1348,37,2,2,0,1.0,0,5,4,10,4,0,4,10
3103381904,kubernetes/kubernetes,257,17,1,1,0,1.0,0,3,0,1,2,0,0,5
3109901488,kubernetes/kubernetes,1629,45,2,2,0,1.0,15,2,0,2,6,0,4,36
3588404022,kubernetes/kubernetes,0,0,0,0,0,0.0,0,0,0,0,0,0,0,0
3378960027,kubernetes/kubernetes,571,38,4,4,0,1.0,41,0,0,0,0,0,0,1
3948941532,kubernetes/kubernetes,58,4,1,1,0,1.0,1,0,0,0,0,0,0,0
3842636887,kubernetes/kubernetes,1490,89,7,7,0,1.0,4,3,1,11,4,0,2,26
3127081716,kubernetes/kubernetes,18,6,1,1,0,1.0,0,0,0,1,0,0,1,0
3365777858,kubernetes/kubernetes,91,12,1,1,0,1.0,0,1,0,0,0,0,0,1
3306221924,kubernetes/kubernetes,9393,272,15,15,0,1.0,14,35,13,62,58,0,39,132
3479907160,kubernetes/kubernetes,10065,184,10,10,0,1.0,80,26,6,109,18,0,34,156
2983748298,kubernetes/kubernetes,75,13,2,2,0,1.0,2,0,0,0,0,0,2,1
3128865990,kubernetes/kubernetes,2634,76,5,5,0,1.0,0,27,2,3,6,0,24,22
3087926122,kubernetes/kubernetes,3622494,28813,1838,1838,3,1.0,38,19453,5281,24242,8878,4,24752,48138
3118137644,kubernetes/kubernetes,709,32,4,4,0,1.0,15,3,0,1,1,0,2,5
3669686215,kubernetes/kubernetes,1300,62,7,7,0,1.0,14,1,3,5,0,0,20,15
3136565935,kubernetes/kubernetes,0,0,0,0,0,0.0,0,0,0,0,0,0,0,0
3391166298,kubernetes/kubernetes,22503,253,20,20,0,1.0,5,188,10,141,10,0,254,349
3114953980,kubernetes/kubernetes,531,21,2,2,0,1.0,21,1,0,1,0,0,1,9
3169022886,kubernetes/kubernetes,1489,46,6,6,0,1.0,15,6,3,10,0,0,0,21
3341230466,kubernetes/kubernetes,394,25,2,2,0,1.0,3,1,0,0,0,0,4,4
3213930263,kubernetes/kubernetes,74,20,2,2,0,1.0,6,0,0,0,0,0,0,0
3061615610,kubernetes/kubernetes,71,6,1,9,0,0.1111,2,0,0,0,0,0,0,1
3067863844,kubernetes/kubernetes,1596,56,4,4,0,1.0,3,4,4,11,6,0,5,23
3300174066,kubernetes/kubernetes,918,59,8,8,0,1.0,17,4,0,6,4,0,2,17
3956273669,kubernetes/kubernetes,5771,252,32,34,0,0.9412,122,7,5,0,0,0,13,26
3242762727,kubernetes/kubernetes,82282,1236,84,84,0,1.0,617,232,56,422,207,0,429,1100
3669287796,kubernetes/kubernetes,1512,45,2,2,0,1.0,3,13,2,10,4,0,13,22
3461859645,kubernetes/kubernetes,960,54,9,9,0,1.0,6,3,1,10,0,0,6,19
3215273546,kubernetes/kubernetes,8303,407,54,66,0,0.8182,112,11,6,0,1,0,28,106
3928403885,kubernetes/kubernetes,0,0,0,0,0,0.0,0,0,0,0,0,0,0,0
3533783940,kubernetes/kubernetes,1142,46,2,2,0,1.0,2,0,0,1,2,0,0,9
3555140462,kubernetes/kubernetes,38,6,1,1,0,1.0,0,0,0,0,0,0,0,1
3188664615,kubernetes/kubernetes,266,52,8,8,0,1.0,3,0,0,0,0,0,7,0
3370545289,kubernetes/kubernetes,919,31,3,3,0,1.0,19,0,0,3,0,0,1,6
3143126368,kubernetes/kubernetes,536,14,1,1,0,1.0,1,1,0,5,0,0,7,8
3053914631,kubernetes/kubernetes,43,8,1,1,0,1.0,1,0,0,0,0,0,1,1
3067620855,kubernetes/kubernetes,38,8,1,1,0,1.0,0,0,1,0,0,0,0,2
3543878999,kubernetes/kubernetes,1078,28,2,2,0,1.0,0,2,0,10,0,0,2,21
3192339845,kubernetes/kubernetes,0,0,0,0,0,0.0,0,0,0,0,0,0,0,0
3071297758,kubernetes/kubernetes,446,26,2,2,0,1.0,10,1,2,6,2,0,5,8
3309999060,kubernetes/kubernetes,4638,181,14,14,0,1.0,115,11,6,12,8,0,18,48
3277301976,kubernetes/kubernetes,0,0,0,0,0,0.0,0,0,0,0,0,0,0,0
3535054937,kubernetes/kubernetes,172,12,1,1,0,1.0,0,1,0,0,0,0,0,3
3657049217,kubernetes/kubernetes,0,0,0,0,0,0.0,0,0,0,0,0,0,0,0
3742225931,kubernetes/kubernetes,10499,202,22,23,0,0.9565,115,7,4,27,7,0,17,67
3039038523,kubernetes/kubernetes,141,17,1,1,0,1.0,0,0,0,2,0,0,0,2
3063955736,kubernetes/kubernetes,1020,27,2,2,0,1.0,3,1,2,4,4,0,2,33
2986643878,kubernetes/kubernetes,1995,68,5,5,0,1.0,6,10,5,1,4,0,6,10
3233080382,kubernetes/kubernetes,22,7,2,2,0,1.0,1,0,0,0,0,0,0,1
2974782645,kubernetes/kubernetes,1957,64,4,5,0,0.8,5,6,6,14,5,0,7,28
3418097156,kubernetes/kubernetes,140,9,1,1,0,1.0,0,0,0,0,0,0,0,0
3392490641,kubernetes/kubernetes,476,26,2,2,0,1.0,6,0,0,0,0,0,0,3
3200971883,kubernetes/kubernetes,0,0,0,0,0,0.0,0,0,0,0,0,0,0,0
3264372862,kubernetes/kubernetes,17454,137,8,8,0,1.0,1,112,59,78,20,0,144,227
3054106178,kubernetes/kubernetes,4014,94,6,6,0,1.0,2,19,0,44,1,0,40,65
3205608152,kubernetes/kubernetes,142,9,2,2,0,1.0,12,0,0,0,0,0,0,1
2990999930,kubernetes/kubernetes,36,8,1,1,0,1.0,0,1,0,0,0,0,0,0
3335090297,kubernetes/kubernetes,14898,279,27,27,0,1.0,1203,13,5,38,30,0,29,98
3108601816,kubernetes/kubernetes,1408,108,15,15,0,1.0,53,4,3,4,2,0,10,19
3247094980,kubernetes/kubernetes,26,5,1,1,0,1.0,1,0,0,0,0,0,0,0
3832545554,kubernetes/kubernetes,32,5,1,2,0,0.5,0,0,0,0,0,0,1,2
3630051342,kubernetes/kubernetes,68,7,1,1,0,1.0,3,0,0,0,0,0,0,0
3248997992,kubernetes/kubernetes,0,0,0,0,0,0.0,0,0,0,0,0,0,0,0
3894652333,kubernetes/kubernetes,0,0,0,0,0,0.0,0,0,0,0,0,0,0,0
3222400312,kubernetes/kubernetes,37299,388,26,27,0,0.963,73,108,41,180,78,0,124,433
3156634166,kubernetes/kubernetes,401,38,5,5,0,1.0,0,4,3,3,0,0,7,3
2980828710,kubernetes/kubernetes,89,13,2,2,0,1.0,1,0,0,0,0,0,0,1
3952649699,kubernetes/kubernetes,197,16,1,1,0,1.0,1,1,0,2,0,0,2,4
3211107023,kubernetes/kubernetes,2599,69,9,9,0,1.0,23,3,0,0,0,0,1,67
3328540197,kubernetes/kubernetes,5,2,1,1,0,1.0,1,0,0,0,0,0,0,0
3101421169,kubernetes/kubernetes,514,34,2,2,0,1.0,0,1,1,5,2,0,3,8
3573051788,kubernetes/kubernetes,69,7,1,1,0,1.0,2,0,0,0,0,0,0,2
3227184444,kubernetes/kubernetes,13305,169,12,12,0,1.0,87,36,43,74,78,0,42,159
3137158029,kubernetes/kubernetes,2316,41,2,2,0,1.0,2,16,3,5,8,0,7,26
3213947379,kubernetes/kubernetes,2217,34,2,2,0,1.0,1,3,1,5,8,0,0,30
3407733115,kubernetes/kubernetes,9703,42,3,3,0,1.0,62,0,0,1,0,0,0,3
3572380719,kubernetes/kubernetes,2283,65,9,9,0,1.0,17,2,0,0,1,0,1,41
3685503588,kubernetes/kubernetes,27,4,1,1,0,1.0,0,0,0,0,0,0,0,0
3884066979,kubernetes/kubernetes,0,0,0,0,0,0.0,0,0,0,0,0,0,0,0
3300583867,kubernetes/kubernetes,286,18,1,1,0,1.0,0,1,0,1,0,0,0,5
3415226303,kubernetes/kubernetes,40,6,1,1,0,1.0,1,0,0,0,0,0,0,0
3755662772,kubernetes/kubernetes,4998,238,32,32,0,1.0,134,13,0,0,0,0,2,91
3346439351,kubernetes/kubernetes,7772,226,15,15,0,1.0,54,30,5,16,11,0,17,65
3685001922,microsoft/vscode,0,0,0,0,0,0.0,0,0,0,0,0,0,0,0
3943930304,microsoft/vscode,9,3,1,1,0,1.0,0,0,0,0,0,0,0,0
3673589701,microsoft/vscode,2138,30,2,2,0,1.0,4,16,0,2,0,0,6,2
3781232230,microsoft/vscode,0,0,0,0,0,0.0,0,0,0,0,0,0,0,0
3763030712,microsoft/vscode,6723,109,13,14,0,0.9286,31,53,10,22,7,0,11,30
3875045188,microsoft/vscode,1597,82,6,6,0,1.0,25,7,1,3,1,2,4,2
3877151693,microsoft/vscode,1173,85,10,10,0,1.0,21,3,0,3,1,2,6,3
3941342593,microsoft/vscode,1507,54,3,3,0,1.0,21,12,0,7,0,0,9,3
3692764496,microsoft/vscode,201,19,2,2,0,1.0,2,1,0,0,0,0,0,3
3871073574,microsoft/vscode,0,0,0,0,0,0.0,0,0,0,0,0,0,0,0
3943302808,microsoft/vscode,3201,40,3,3,0,1.0,16,11,1,11,0,2,9,5
3719430411,microsoft/vscode,182,10,1,1,0,1.0,3,1,0,1,0,0,0,4
3910489372,microsoft/vscode,0,0,0,0,0,0.0,0,0,0,0,0,0,0,0
3907866083,microsoft/vscode,163,23,3,3,0,1.0,2,0,0,0,0,0,1,0
3696097950,microsoft/vscode,232,23,2,2,0,1.0,0,1,0,0,0,0,1,1
3755580018,microsoft/vscode,305,16,2,2,0,1.0,2,1,0,0,0,0,0,2
3762497265,microsoft/vscode,163,7,1,1,0,1.0,1,0,0,0,0,0,5,0
3714182168,microsoft/vscode,297,19,3,3,0,1.0,1,0,0,2,1,0,0,0
3705408028,microsoft/vscode,29,9,2,2,0,1.0,1,0,0,0,0,0,0,1
3913415608,microsoft/vscode,29,7,2,2,0,1.0,2,0,0,0,0,0,0,0
3767871887,microsoft/vscode,581,34,2,2,0,1.0,0,10,1,1,0,0,6,0
3668133123,microsoft/vscode,0,0,0,0,0,0.0,0,0,0,0,0,0,0,0
3849639464,microsoft/vscode,0,0,0,0,0,0.0,0,0,0,0,0,0,0,0
3725280502,microsoft/vscode,153,8,2,2,0,1.0,2,0,0,0,0,0,0,0
3933786064,microsoft/vscode,38,8,1,1,0,1.0,0,0,0,0,0,0,1,0
3861313133,microsoft/vscode,23,6,1,1,0,1.0,0,0,0,0,0,0,0,0
3887897735,microsoft/vscode,1271,30,3,3,0,1.0,15,3,1,5,0,3,6,8
3686914381,microsoft/vscode,1444,34,2,2,0,1.0,1,15,0,3,0,0,2,1
3711120262,microsoft/vscode,2476,69,6,6,0,1.0,36,17,0,3,0,0,7,14
3726378090,microsoft/vscode,6,2,1,1,0,1.0,1,0,0,0,0,0,0,0
3685078991,microsoft/vscode,971,35,2,2,0,1.0,1,12,1,2,0,0,1,4
3773829890,microsoft/vscode,459,63,8,8,0,1.0,8,4,0,1,3,0,0,3
3914924316,microsoft/vscode,1499,58,6,6,0,1.0,4,12,0,2,1,0,27,2
3934180227,microsoft/vscode,26,5,1,1,0,1.0,2,0,0,0,0,0,1,0
3693386888,microsoft/vscode,0,0,0,0,0,0.0,0,0,0,0,0,0,0,0
3973178567,microsoft/vscode,0,0,0,0,0,0.0,0,0,0,0,0,0,0,0
3696445038,microsoft/vscode,796,50,5,5,0,1.0,16,6,1,1,0,0,2,0
3764617323,microsoft/vscode,1687,43,3,3,0,1.0,4,23,0,7,2,0,3,5
3981230112,microsoft/vscode,2834,118,8,8,0,1.0,6,26,3,3,0,0,6,7
3685653804,microsoft/vscode,2038,99,9,9,0,1.0,16,11,0,8,0,0,14,2
3924054736,microsoft/vscode,131,10,1,1,0,1.0,2,0,0,0,0,0,0,0
3688644410,microsoft/vscode,0,0,0,0,0,0.0,0,0,0,0,0,0,0,0
3672217293,microsoft/vscode,320,6,1,1,0,1.0,9,0,0,0,0,0,0,0
3938618519,microsoft/vscode,1077,58,7,7,0,1.0,24,6,1,4,1,0,11,4
3892366157,microsoft/vscode,811,21,1,1,0,1.0,2,10,0,5,3,0,1,3
3758290515,microsoft/vscode,5400,76,9,10,0,0.9,68,32,5,14,7,0,12,41
3884608389,microsoft/vscode,3770,93,8,8,0,1.0,66,15,0,12,1,0,5,40
3861768169,microsoft/vscode,25,6,1,1,0,1.0,0,0,0,1,0,0,0,0
3905480053,microsoft/vscode,848,59,5,5,0,1.0,3,10,0,4,0,0,0,2
3777521785,microsoft/vscode,646,31,2,2,0,1.0,1,8,0,3,0,0,3,0
3753643626,microsoft/vscode,14,4,1,1,0,1.0,1,0,0,0,0,0,0,0
3700418216,microsoft/vscode,901,48,2,3,0,0.6667,2,16,0,6,0,0,4,0
3665848090,microsoft/vscode,31529,625,57,62,0,0.9194,234,208,12,83,5,9,112,91
3664256578,microsoft/vscode,984,79,11,11,0,1.0,22,0,1,1,0,0,5,8
3957874562,microsoft/vscode,635,36,3,3,0,1.0,25,3,0,3,0,0,3,5
3809995406,microsoft/vscode,3297,143,9,9,0,1.0,8,20,0,24,2,2,21,15
3723198550,microsoft/vscode,590,36,3,3,0,1.0,9,2,0,3,0,0,0,2
3944633351,microsoft/vscode,377,30,6,6,0,1.0,15,1,0,0,0,0,1,2
3942256105,microsoft/vscode,449,12,1,1,0,1.0,7,3,0,2,1,0,0,4
3710216369,microsoft/vscode,0,0,0,0,0,0.0,0,0,0,0,0,0,0,0
3665700659,microsoft/vscode,1053,22,1,1,0,1.0,1,6,0,8,2,2,4,5
3719835904,microsoft/vscode,277,25,3,3,0,1.0,11,2,0,1,1,2,1,1
3821800950,microsoft/vscode,0,0,0,0,0,0.0,0,0,0,0,0,0,0,0
3747365106,microsoft/vscode,54,7,1,1,0,1.0,0,0,0,0,0,0,0,0
3973648582,microsoft/vscode,255,24,3,3,0,1.0,7,0,0,0,0,0,0,0
3725217429,microsoft/vscode,0,0,0,0,0,0.0,0,0,0,0,0,0,0,0
3878931556,microsoft/vscode,1087,60,7,7,0,1.0,16,7,0,3,0,0,24,0
3756911207,microsoft/vscode,40,3,1,1,0,1.0,6,0,0,0,0,0,0,0
3751934078,microsoft/vscode,0,0,0,0,0,0.0,0,0,0,0,0,0,0,0
3711873036,microsoft/vscode,797,93,11,11,0,1.0,9,6,0,0,0,0,1,2
3978922942,microsoft/vscode,0,0,0,0,0,0.0,0,0,0,0,0,0,0,0
3951775893,microsoft/vscode,9,3,1,1,0,1.0,1,0,0,0,0,0,0,0
3985527553,microsoft/vscode,85,8,1,1,0,1.0,1,0,0,0,0,0,0,2
3685678957,microsoft/vscode,6,2,1,1,0,1.0,1,0,0,0,0,0,0,0
3670605935,microsoft/vscode,1367,48,4,4,0,1.0,1,8,0,6,3,0,5,4
3980313342,microsoft/vscode,1002,59,5,5,0,1.0,5,4,2,3,1,0,7,2
3905000653,microsoft/vscode,675,45,5,5,0,1.0,31,1,0,0,0,0,1,0
3823124304,microsoft/vscode,0,0,0,0,0,0.0,0,0,0,0,0,0,0,0
3953325776,microsoft/vscode,48,9,1,1,0,1.0,0,1,0,1,0,0,0,0
3849816450,microsoft/vscode,6945,218,16,16,0,1.0,28,66,2,15,4,2,20,16
3974398887,microsoft/vscode,242,25,3,3,0,1.0,0,1,0,0,0,0,0,0
3922547275,microsoft/vscode,233,9,1,1,0,1.0,0,1,0,0,0,0,0,0
3847293264,microsoft/vscode,0,0,0,0,0,0.0,0,0,0,0,0,0,0,0
3833058805,microsoft/vscode,0,0,0,0,0,0.0,0,0,0,0,0,0,0,0
3799138778,microsoft/vscode,0,0,0,0,0,0.0,0,0,0,0,0,0,0,0
3929457707,microsoft/vscode,14,2,1,1,0,1.0,1,0,0,0,0,0,0,0
3923139605,microsoft/vscode,1753,40,4,4,0,1.0,1,8,2,8,1,0,7,2
3762895836,microsoft/vscode,103,8,1,1,0,1.0,1,0,0,0,0,0,0,0
3870226885,microsoft/vscode,0,0,0,1,0,0.0,0,0,0,0,0,0,0,0
3812386009,microsoft/vscode,1984,51,4,4,0,1.0,34,12,0,9,0,2,13,2
3756760094,microsoft/vscode,34,8,1,1,0,1.0,0,0,0,0,0,0,0,0
3687674518,microsoft/vscode,4460,62,4,4,0,1.0,4,27,4,5,2,2,9,16
3986170217,microsoft/vscode,17922,364,32,32,0,1.0,105,140,8,53,2,28,90,26
3911305247,microsoft/vscode,1690,152,28,28,0,1.0,0,5,2,2,0,0,4,0
3957882973,microsoft/vscode,657,29,2,2,0,1.0,1,2,0,5,0,2,11,1
3806932392,microsoft/vscode,181,8,1,4,0,0.25,8,0,0,0,0,0,0,0
3678709460,microsoft/vscode,0,0,0,0,0,0.0,0,0,0,0,0,0,0,0
3707714223,microsoft/vscode,4775,52,3,3,0,1.0,170,25,0,11,2,0,17,46
3971645449,microsoft/vscode,500,17,3,4,0,0.75,6,3,0,1,0,0,4,1
3875974258,microsoft/vscode,456,21,3,3,0,1.0,2,6,0,0,0,0,0,2
3878988585,microsoft/vscode,279,21,1,1,0,1.0,0,2,0,1,1,2,0,1
3712200846,microsoft/vscode,35,3,1,1,0,1.0,5,0,0,0,0,0,0,0
3774198814,microsoft/vscode,0,0,0,0,0,0.0,0,0,0,0,0,0,0,0
3921529821,microsoft/vscode,553,30,2,2,0,1.0,2,2,0,3,0,0,0,3
3887573087,microsoft/vscode,2206,36,2,2,0,1.0,2,9,0,3,1,6,2,4
3940691919,microsoft/vscode,564,32,3,3,0,1.0,11,2,0,0,1,0,0,3
3691462746,microsoft/vscode,189,8,1,1,0,1.0,0,0,0,1,0,0,1,0
3886994160,microsoft/vscode,1532,75,4,4,0,1.0,1,9,0,2,2,0,1,0
3956249368,microsoft/vscode,2469,37,2,2,0,1.0,8,12,0,6,0,10,10,7
3703800701,microsoft/vscode,3683,225,30,30,0,1.0,18,13,1,7,1,0,15,7
3802460827,microsoft/vscode,69,6,1,1,0,1.0,1,0,0,0,0,0,7,1
3888231512,microsoft/vscode,34,9,1,1,0,1.0,0,1,0,0,0,0,0,0
3842238325,microsoft/vscode,1830,101,11,11,0,1.0,10,14,0,10,0,0,5,7
3956528149,microsoft/vscode,0,0,0,0,0,0.0,0,0,0,0,0,0,0,0
3939477409,microsoft/vscode,2021,35,2,2,0,1.0,2,16,0,9,0,0,3,6
3912879456,microsoft/vscode,29,7,2,2,0,1.0,2,0,0,0,0,0,0,0
3665354505,microsoft/vscode,15313,331,26,26,0,1.0,118,79,12,37,9,14,44,30
3677798785,microsoft/vscode,2442,133,13,13,0,1.0,51,10,0,7,3,0,6,14
3849550806,microsoft/vscode,0,0,0,0,0,0.0,0,0,0,0,0,0,0,0
3994851885,microsoft/vscode,126,18,2,2,0,1.0,2,0,0,1,0,0,1,1
3671074655,microsoft/vscode,6919,268,28,30,0,0.9333,47,26,1,25,7,0,25,14
3892890682,microsoft/vscode,21,4,1,1,0,1.0,1,0,0,0,0,0,0,0
3958135143,microsoft/vscode,1248,29,4,4,0,1.0,18,2,0,3,0,0,3,3
3815737372,microsoft/vscode,186,22,3,3,0,1.0,1,0,0,6,0,0,0,4
3858465310,microsoft/vscode,1125,38,2,2,0,1.0,9,1,0,7,0,2,4,1
3665441364,microsoft/vscode,0,0,0,0,0,0.0,0,0,0,0,0,0,0,0
3678395982,microsoft/vscode,2770,58,6,6,0,1.0,3,10,0,9,5,8,6,1
3895127041,microsoft/vscode,2325,27,2,2,0,1.0,8,8,3,8,0,4,8,6
3665233036,microsoft/vscode,17277,160,10,10,0,1.0,34,152,8,141,29,10,120,25
3766990181,microsoft/vscode,0,0,0,0,0,0.0,0,0,0,0,0,0,0,0
3748292054,microsoft/vscode,0,0,0,0,0,0.0,0,0,0,0,0,0,0,0
3970898697,microsoft/vscode,9623,215,20,20,0,1.0,22,70,13,31,12,6,26,18
3706221352,microsoft/vscode,51570,993,97,97,3,1.0,317,389,21,133,16,24,161,115
3827484450,microsoft/vscode,160,9,1,1,0,1.0,2,1,0,1,0,0,2,1
3854133189,microsoft/vscode,22,5,1,1,0,1.0,1,0,0,0,0,0,0,0
3973898353,microsoft/vscode,64,8,1,1,0,1.0,0,0,0,2,0,0,0,0
3877387602,microsoft/vscode,2727,84,8,8,0,1.0,24,14,0,16,1,0,23,8
3962573429,microsoft/vscode,1725,67,5,5,0,1.0,8,14,1,4,0,0,12,17
3772796661,microsoft/vscode,273,11,1,1,0,1.0,3,3,0,1,0,0,2,3
3692027180,microsoft/vscode,345,23,3,3,0,1.0,2,1,0,0,0,0,6,0
3926206938,microsoft/vscode,36,6,1,3,0,0.3333,0,0,0,0,0,0,0,2
3951829751,microsoft/vscode,394,32,4,4,0,1.0,7,1,0,0,0,0,0,3
3954389062,microsoft/vscode,31,6,1,1,0,1.0,0,0,0,0,0,0,0,0
3724370644,microsoft/vscode,0,0,0,0,0,0.0,0,0,0,0,0,0,0,0
3785520439,microsoft/vscode,0,0,0,0,0,0.0,0,0,0,0,0,0,0,0
3942922244,microsoft/vscode,44,5,1,1,0,1.0,0,0,0,0,0,0,0,0
3966663767,microsoft/vscode,1788,73,9,9,0,1.0,16,10,0,6,1,0,6,1
3908097697,microsoft/vscode,33706,182,13,13,0,1.0,59,294,5,80,20,0,83,117
3958958018,microsoft/vscode,54,10,1,1,0,1.0,0,1,0,0,0,0,0,0
3821429108,microsoft/vscode,231,11,1,1,0,1.0,0,0,0,3,1,0,0,0
3952625024,microsoft/vscode,119,25,2,2,0,1.0,1,0,0,0,0,0,0,1
3707536028,microsoft/vscode,144,13,1,1,0,1.0,0,1,0,1,0,0,0,0
3895052263,microsoft/vscode,258,18,2,2,0,1.0,1,4,0,0,1,0,1,1
3820020092,microsoft/vscode,0,0,0,0,0,0.0,0,0,0,0,0,0,0,0
3826439874,microsoft/vscode,0,0,0,0,0,0.0,0,0,0,0,0,0,0,0
3845149793,microsoft/vscode,931,33,3,3,0,1.0,2,4,0,3,0,0,0,1
3703437972,microsoft/vscode,0,0,0,0,0,0.0,0,0,0,0,0,0,0,0
3852482861,microsoft/vscode,1571,138,16,16,0,1.0,61,11,0,0,0,0,9,3
3777370247,microsoft/vscode,56,7,1,1,0,1.0,0,0,0,0,0,0,0,1
3705858384,microsoft/vscode,14,3,1,1,0,1.0,1,0,0,0,0,0,0,0
3895064746,microsoft/vscode,13,4,1,1,0,1.0,1,0,0,0,0,0,0,0
3848488778,microsoft/vscode,274,19,1,1,0,1.0,0,8,0,1,0,0,1,1
3884289329,microsoft/vscode,18,4,1,1,0,1.0,2,0,0,0,0,0,0,0
3823085649,microsoft/vscode,141,16,2,2,0,1.0,5,1,0,2,0,0,0,0
3923321625,microsoft/vscode,16167,298,29,30,0,0.9667,59,102,13,68,17,6,41,75
3677724018,microsoft/vscode,36,9,1,1,0,1.0,0,0,0,1,0,0,0,0
3853300031,microsoft/vscode,37,2,1,1,0,1.0,1,0,0,0,0,0,0,0
3973032539,microsoft/vscode,8491,55,4,4,0,1.0,4,35,0,7,6,6,11,8
3679389382,microsoft/vscode,548,26,2,2,0,1.0,5,3,1,5,1,2,9,0
3808227516,microsoft/vscode,3835,39,2,2,0,1.0,16,23,0,10,5,0,8,2
3886582274,microsoft/vscode,2537,56,5,8,0,0.625,15,3,0,8,3,0,7,6
3750812138,microsoft/vscode,9,3,1,1,0,1.0,1,0,0,0,0,0,0,0
3968905788,microsoft/vscode,1449,71,4,4,0,1.0,5,13,0,7,0,0,6,2
3695876507,microsoft/vscode,2753,61,4,4,0,1.0,13,16,0,10,3,0,6,11
3966827985,microsoft/vscode,393,20,2,2,0,1.0,0,4,2,0,0,0,4,0
3898644459,microsoft/vscode,135,13,1,1,0,1.0,0,3,0,0,0,0,0,0
3961782558,microsoft/vscode,49,2,1,1,0,1.0,1,0,0,0,0,0,0,0
3781731001,microsoft/vscode,92,6,1,1,0,1.0,2,0,0,0,0,0,0,0
3731893985,microsoft/vscode,2144,43,5,6,0,0.8333,70,0,0,3,0,0,1,15
3872859783,microsoft/vscode,240,8,1,1,0,1.0,4,1,0,1,1,0,2,1
3981677603,microsoft/vscode,2167,55,4,4,0,1.0,33,16,1,1,0,0,8,7
3840892297,microsoft/vscode,216,22,3,3,0,1.0,2,0,0,4,0,0,0,3
3737741775,microsoft/vscode,93,11,1,1,0,1.0,0,0,0,0,0,0,0,0
3922862368,microsoft/vscode,4791,167,18,18,0,1.0,61,14,1,32,0,12,26,20
3965908516,microsoft/vscode,0,0,0,0,0,0.0,0,0,0,0,0,0,0,0
3936213941,microsoft/vscode,0,0,0,0,0,0.0,0,0,0,0,0,0,0,0
3757140805,microsoft/vscode,26,6,1,1,0,1.0,0,0,0,0,0,0,1,0
3773865470,microsoft/vscode,897,88,11,11,0,1.0,13,8,0,0,1,0,0,6
3721306200,microsoft/vscode,17,2,1,1,0,1.0,1,0,0,0,0,0,0,0
3844751305,microsoft/vscode,2119,84,8,8,0,1.0,2,14,0,6,0,0,7,0
3767267577,microsoft/vscode,0,0,0,0,0,0.0,0,0,0,0,0,0,0,0
3899410246,microsoft/vscode,0,0,0,0,0,0.0,0,0,0,0,0,0,0,0
3843718694,microsoft/vscode,1417,61,10,10,0,1.0,9,7,0,2,1,0,4,0
3928611741,microsoft/vscode,190,16,1,1,0,1.0,0,2,1,0,0,0,0,0
3756747569,microsoft/vscode,0,0,0,0,0,0.0,0,0,0,0,0,0,0,0
3935233380,microsoft/vscode,571,34,3,3,0,1.0,7,5,0,2,0,0,4,1
3751744211,microsoft/vscode,0,0,0,0,0,0.0,0,0,0,0,0,0,0,0
3821595446,microsoft/vscode,590,27,2,2,0,1.0,2,4,3,2,2,0,4,0
3826336938,microsoft/vscode,6,3,1,1,0,1.0,0,0,0,0,0,0,0,0
3805461220,microsoft/vscode,5078,135,13,13,0,1.0,63,35,4,26,3,2,26,12
3666216878,microsoft/vscode,58,16,2,2,0,1.0,0,0,0,0,0,0,0,0
3935984856,microsoft/vscode,0,0,0,0,0,0.0,0,0,0,0,0,0,0,0
3830943148,microsoft/vscode,0,0,0,0,0,0.0,0,0,0,0,0,0,0,0
3871072991,microsoft/vscode,0,0,0,0,0,0.0,0,0,0,0,0,0,0,0
3973087198,microsoft/vscode,0,0,0,0,0,0.0,0,0,0,0,0,0,0,0
3791841019,microsoft/vscode,0,0,0,0,0,0.0,0,0,0,0,0,0,0,0
3814787892,microsoft/vscode,198,18,2,4,0,0.5,1,1,0,1,0,0,1,4
3934637238,microsoft/vscode,1873,62,8,8,0,1.0,7,8,1,15,1,0,14,1
3967272762,microsoft/vscode,0,0,0,1326,0,0.0,0,0,0,0,0,0,0,0
3970004127,facebook/react,75,8,1,1,0,1.0,0,0,0,2,0,0,1,0
3965790583,facebook/react,1927,52,3,3,0,1.0,0,39,1,3,0,0,13,3
3968182808,facebook/react,509,25,2,2,0,1.0,7,4,0,2,0,0,1,2
3963111036,facebook/react,360,19,1,1,0,1.0,1,11,0,0,0,0,2,1
3954959028,facebook/react,858,30,3,3,0,1.0,3,0,0,12,0,4,0,4
3956643922,facebook/react,133,10,2,2,0,1.0,3,0,0,0,0,0,0,1
3954566030,facebook/react,517,35,2,2,0,1.0,7,5,0,0,0,0,1,1
3954543307,facebook/react,0,0,0,0,0,0.0,0,0,0,0,0,0,0,0
3950745791,facebook/react,70,9,1,1,0,1.0,0,0,0,2,0,0,0,1
3942991029,facebook/react,22,6,1,1,0,1.0,0,0,0,0,0,0,0,0
3934202438,facebook/react,0,0,0,0,0,0.0,0,0,0,0,0,0,0,0
3940952143,facebook/react,0,0,0,0,0,0.0,0,0,0,0,0,0,0,0
3928040621,facebook/react,963,32,3,3,0,1.0,20,10,0,0,0,2,3,3
3927567567,facebook/react,342,25,2,2,0,1.0,0,2,0,3,0,0,0,0
3927350694,facebook/react,327,22,3,3,0,1.0,19,2,0,0,0,0,0,2
3924729611,facebook/react,493,30,3,3,0,1.0,4,3,0,0,0,0,1,0
3923546735,facebook/react,28,9,1,1,0,1.0,0,0,0,0,0,0,0,0
3923696038,facebook/react,157,11,1,1,0,1.0,4,0,0,3,0,0,3,0
3923497615,facebook/react,41,8,1,1,0,1.0,0,0,0,0,0,0,0,0
3923485271,facebook/react,84,8,1,1,0,1.0,0,0,0,1,0,0,0,0
3917572579,facebook/react,1185,32,3,3,0,1.0,8,6,0,0,0,0,2,0
3914807083,facebook/react,139,22,2,2,0,1.0,0,1,0,2,0,0,0,0
3914707441,facebook/react,431,37,5,5,0,1.0,24,3,0,0,0,0,1,0
3914554024,facebook/react,493,30,3,3,0,1.0,4,3,0,0,0,0,1,0
3913249730,facebook/react,0,0,0,0,0,0.0,0,0,0,0,0,0,0,0
3912459220,facebook/react,8700,366,31,31,0,1.0,92,116,1,44,6,4,38,90
3907686614,facebook/react,206,8,1,1,0,1.0,2,1,0,0,0,0,0,6
3906306656,facebook/react,1868,41,4,4,0,1.0,11,6,0,0,0,0,2,18
3904354837,facebook/react,0,0,0,0,0,0.0,0,0,0,0,0,0,0,0
3902877170,facebook/react,1490,58,5,5,0,1.0,14,40,0,9,1,0,2,37
3904192596,facebook/react,31684,540,28,28,0,1.0,0,338,1,80,8,18,196,17
3901156113,facebook/react,2508,55,3,3,0,1.0,28,16,0,1,1,0,8,11
3900053406,facebook/react,2441,84,6,6,0,1.0,43,30,0,0,0,0,7,8
3899068836,facebook/react,918,20,1,1,0,1.0,17,7,0,9,1,4,6,3
3899017294,facebook/react,9241,75,3,3,0,1.0,357,54,0,7,0,0,14,79
3897985849,facebook/react,920,28,2,2,0,1.0,6,10,0,3,0,0,5,0
3897907007,facebook/react,2191,42,3,3,0,1.0,34,27,0,8,2,0,17,13
3888457845,facebook/react,31,5,3,5,3,0.6,0,0,0,1,0,0,1,2
3882151494,facebook/react,28,2,1,1,1,1.0,0,2,0,0,0,0,0,1
3876907704,facebook/react,171,19,2,2,0,1.0,1,4,0,0,0,0,1,1
3872202430,facebook/react,1095,39,2,2,0,1.0,17,4,0,12,1,0,3,5
3887750614,facebook/react,1277,157,76,76,76,1.0,0,25,13,1,0,0,1,240
3870219777,facebook/react,177,15,1,1,0,1.0,0,2,0,1,0,0,0,0
3861571109,facebook/react,742,29,2,2,0,1.0,2,10,0,3,0,0,4,6
3861965538,facebook/react,1184,44,2,2,0,1.0,3,22,0,4,3,0,7,8
3856487980,facebook/react,6033,67,4,4,0,1.0,92,83,0,32,10,0,29,48
3853225591,facebook/react,154,11,2,2,1,1.0,0,0,0,2,0,0,1,0
3850952653,facebook/react,2735,162,14,14,0,1.0,26,40,0,17,2,0,11,18
3850548063,facebook/react,616,29,6,6,0,1.0,62,0,0,0,0,0,0,15
3849485637,facebook/react,17,5,1,1,0,1.0,0,0,0,1,0,0,0,0
3849474698,facebook/react,17,5,1,1,0,1.0,0,0,0,1,0,0,0,0
3849463610,facebook/react,17,5,1,1,0,1.0,0,0,0,1,0,0,0,0
3849452220,facebook/react,17,5,1,1,0,1.0,0,0,0,1,0,0,0,0
3841458187,facebook/react,34,6,2,2,2,1.0,0,3,0,1,0,0,2,4
3837133239,facebook/react,473,31,4,4,1,1.0,0,3,0,2,2,0,2,3
3835934290,facebook/react,458,34,12,12,12,1.0,0,14,0,26,4,0,2,54
3835932633,facebook/react,427,34,18,18,18,1.0,0,6,1,3,1,0,0,38
3841780510,facebook/react,3398,326,82,98,81,0.8367,13,79,0,104,15,0,20,261
3835927394,facebook/react,8,6,4,4,4,1.0,0,0,0,0,0,0,0,1
3834993516,facebook/react,29,5,1,1,1,1.0,0,2,0,3,0,0,1,3
3834893192,facebook/react,0,0,0,0,0,0.0,0,0,0,0,0,0,0,0
3834992211,facebook/react,9,3,1,1,0,1.0,1,0,0,0,0,0,0,0
3832256283,facebook/react,0,0,0,0,0,0.0,0,0,0,0,0,0,0,0
3818415586,facebook/react,270,19,2,2,0,1.0,0,3,0,3,0,0,6,0
3817103903,facebook/react,793,31,6,6,5,1.0,8,34,0,14,3,0,4,100
3817103116,facebook/react,549,27,9,9,9,1.0,0,16,0,8,0,0,2,85
3817101999,facebook/react,109,21,4,4,0,1.0,1,3,0,0,0,0,3,0
3817406711,facebook/react,5793,478,60,60,0,1.0,95,59,1,8,2,0,17,19
3816275611,facebook/react,157,21,2,2,0,1.0,0,1,0,2,0,0,2,0
3811266986,facebook/react,0,0,0,0,0,0.0,0,0,0,0,0,0,0,0
3810662573,facebook/react,0,0,0,0,0,0.0,0,0,0,0,0,0,0,0
3809269549,facebook/react,240,16,1,1,0,1.0,0,2,0,1,0,0,0,0
3809226308,facebook/react,90,10,1,1,0,1.0,0,0,0,1,0,0,0,0
3809211088,facebook/react,0,0,0,0,0,0.0,0,0,0,0,0,0,0,0
3809175856,facebook/react,0,0,0,0,0,0.0,0,0,0,0,0,0,0,0
3809162006,facebook/react,0,0,0,0,0,0.0,0,0,0,0,0,0,0,0
3805124019,facebook/react,9620,136,16,16,0,1.0,68,144,0,55,2,0,47,13
3797526371,facebook/react,2099,39,2,2,0,1.0,59,25,0,10,0,0,5,11
3798780491,facebook/react,0,0,0,0,0,0.0,0,0,0,0,0,0,0,0
3811883919,facebook/react,30400,2080,328,328,0,1.0,2515,35,0,42,0,0,88,357
3796986196,facebook/react,448,32,4,4,0,1.0,35,5,0,0,0,0,4,1
3793523507,facebook/react,0,0,0,0,0,0.0,0,0,0,0,0,0,0,0
3793408709,facebook/react,0,0,0,3,0,0.0,0,0,0,0,0,0,0,0
3793329872,facebook/react,15,4,1,1,0,1.0,0,0,0,0,0,0,0,0
3791410182,facebook/react,7552,116,13,13,0,1.0,34,79,0,5,0,0,28,21
3789357820,facebook/react,5824,64,4,4,0,1.0,113,73,0,4,1,0,20,38
3789642495,facebook/react,1608,25,1,1,0,1.0,0,30,0,0,0,0,10,0
3789114714,facebook/react,18001,57,4,4,0,1.0,206,313,3,22,9,0,144,48
3782668651,facebook/react,2148,68,9,9,0,1.0,66,23,0,1,0,0,4,19
3782197752,facebook/react,3927,44,2,2,0,1.0,0,89,0,22,0,0,37,20
3782006567,facebook/react,22,7,2,2,0,1.0,0,0,0,0,0,0,0,0
3781999056,facebook/react,22,7,2,2,0,1.0,0,0,0,0,0,0,0,0
3781992912,facebook/react,22,7,2,2,0,1.0,0,0,0,0,0,0,0,0
3781716845,facebook/react,0,0,0,0,0,0.0,0,0,0,0,0,0,0,0
3777565263,facebook/react,1036,47,4,4,0,1.0,11,22,0,4,0,0,4,5
3777190725,facebook/react,1849,62,4,4,0,1.0,5,32,0,14,1,0,12,10
3777029451,facebook/react,940,28,2,2,0,1.0,5,17,0,2,0,0,6,9
3776986366,facebook/react,369,18,2,2,0,1.0,5,1,0,0,0,0,0,4
3774588019,facebook/react,2367,104,7,7,0,1.0,36,50,0,4,0,0,8,7
3774005448,facebook/react,0,0,0,0,0,0.0,0,0,0,0,0,0,0,0
3772211530,facebook/react,1492,54,3,3,0,1.0,9,27,0,6,0,0,10,10
3772925495,facebook/react,540,69,10,11,0,0.9091,9,7,0,12,0,0,2,5
3772065075,facebook/react,606,41,3,3,0,1.0,2,10,0,1,0,0,2,2
3768360184,facebook/react,990,84,6,6,0,1.0,0,18,0,2,0,0,5,3
3762744655,facebook/react,3498,69,4,4,0,1.0,15,18,0,27,7,6,6,41
3762732875,facebook/react,4648,101,6,6,0,1.0,25,24,0,43,11,10,10,65
3762724679,facebook/react,4543,101,6,6,0,1.0,25,24,0,42,11,10,10,64
3762019732,facebook/react,1238,73,6,20,0,0.3,3,5,0,14,1,2,2,2
3761466043,facebook/react,244,23,2,2,0,1.0,0,3,0,0,0,0,1,1
3761409330,facebook/react,193,19,2,2,0,1.0,1,4,0,0,0,0,1,1
3760905384,facebook/react,1137,70,6,19,0,0.3158,1,3,0,13,1,2,1,1
3760870794,facebook/react,0,0,0,0,0,0.0,0,0,0,0,0,0,0,0
3757392695,facebook/react,28,9,3,3,0,1.0,2,0,0,0,0,0,0,1
3760847229,facebook/react,0,0,0,0,0,0.0,0,0,0,0,0,0,0,0
3757042690,facebook/react,0,0,0,1,0,0.0,0,0,0,0,0,0,0,0
3756472060,facebook/react,125,26,8,11,0,0.7273,6,0,0,0,0,0,0,4
3756442443,facebook/react,10,3,1,1,0,1.0,1,0,0,0,0,0,0,1
3756218065,facebook/react,0,0,0,0,0,0.0,0,0,0,0,0,0,0,0
3756065538,facebook/react,1136,71,6,20,0,0.3,4,3,0,12,1,2,1,1
3751819783,facebook/react,0,0,0,0,0,0.0,0,0,0,0,0,0,0,0
3749508069,facebook/react,0,0,0,0,0,0.0,0,0,0,0,0,0,0,0
3748494595,facebook/react,1147,37,2,2,0,1.0,2,17,0,7,0,0,4,7
3748463070,facebook/react,0,0,0,0,0,0.0,0,0,0,0,0,0,0,0
3748052122,facebook/react,0,0,0,2,0,0.0,0,0,0,0,0,0,0,0
3747463376,facebook/react,0,0,0,0,0,0.0,0,0,0,0,0,0,0,0
3738027129,facebook/react,0,0,0,0,0,0.0,0,0,0,0,0,0,0,0
3746734603,facebook/react,299,27,2,2,0,1.0,0,4,0,1,2,0,4,0
3737392816,facebook/react,473,27,3,11,0,0.2727,7,5,0,1,0,0,2,3
3734224005,facebook/react,0,0,0,0,0,0.0,0,0,0,0,0,0,0,0
3728172183,facebook/react,0,0,0,0,0,0.0,0,0,0,0,0,0,0,0
3725400954,facebook/react,14,1,1,1,1,1.0,0,0,0,2,0,0,0,4
3725364130,facebook/react,0,0,0,0,0,0.0,0,0,0,0,0,0,0,0
3725363824,facebook/react,14,1,1,1,1,1.0,0,0,0,2,0,0,0,4
3725363652,facebook/react,8,2,2,2,2,1.0,0,0,0,0,0,0,0,0
3725363283,facebook/react,23,5,5,5,5,1.0,0,0,0,1,0,0,0,7
3725363456,facebook/react,68,18,14,14,14,1.0,0,0,0,1,0,0,0,7
3725171334,facebook/react,1600,28,2,2,0,1.0,28,14,0,9,3,0,4,9
3722733303,facebook/react,14482,92,3,3,0,1.0,3,278,0,40,1,0,75,65
3722594915,facebook/react,13,6,6,6,0,1.0,0,0,0,0,0,0,0,0
3722561888,facebook/react,19,8,8,8,0,1.0,0,0,0,0,0,0,0,0
3721638328,facebook/react,203,16,5,5,5,1.0,0,7,1,12,2,0,2,22
3721598866,facebook/react,203,16,5,5,5,1.0,0,7,1,12,2,0,2,22
3721598706,facebook/react,203,16,5,5,5,1.0,0,7,1,12,2,0,2,22
3721598406,facebook/react,195,13,4,4,4,1.0,0,5,1,12,2,0,2,20
3721598256,facebook/react,41,3,2,2,2,1.0,0,0,0,1,1,0,0,6
3721597959,facebook/react,20,1,1,1,1,1.0,0,0,0,0,0,0,0,6
3721597811,facebook/react,163,14,3,3,2,1.0,0,2,0,8,4,0,0,23
3721597663,facebook/react,151,14,3,3,2,1.0,0,2,0,8,4,0,0,23
3721597471,facebook/react,113,10,3,3,2,1.0,0,0,0,6,4,0,0,21
3721597354,facebook/react,74,9,3,3,2,1.0,0,0,0,5,3,0,0,14
3721597192,facebook/react,8,3,2,2,1,1.0,0,0,0,0,0,0,0,2
3720260378,facebook/react,8,3,2,2,1,1.0,0,0,0,0,0,0,0,2
3720140252,facebook/react,145,17,2,2,0,1.0,1,1,0,3,0,0,1,0
3720096472,facebook/react,15,2,1,1,1,1.0,0,0,0,0,0,0,0,0
3719630803,facebook/react,305,38,4,5,2,0.8,0,10,0,6,2,0,14,9
3718823105,facebook/react,88,10,2,2,1,1.0,0,3,0,0,0,0,2,2
3712071869,facebook/react,300,26,10,10,9,1.0,0,4,0,3,0,0,2,3
3697263503,facebook/react,0,0,0,0,0,0.0,0,0,0,0,0,0,0,0
3696102285,facebook/react,2356,18,1,1,0,1.0,24,8,0,26,3,0,49,8
3708440541,facebook/react,0,0,0,0,0,0.0,0,0,0,0,0,0,0,0
3693672799,facebook/react,215,31,2,2,0,1.0,2,3,0,3,0,0,0,3
3693524446,facebook/react,155,29,4,4,0,1.0,8,1,0,0,0,0,1,0
3693282609,facebook/react,36,6,1,1,0,1.0,0,0,0,1,0,0,0,0
3679309748,facebook/react,4543,101,6,6,0,1.0,25,24,0,42,11,10,10,64
3678724272,facebook/react,2132,28,1,1,0,1.0,0,39,0,9,0,0,12,16
3675078170,facebook/react,115,19,2,2,0,1.0,0,1,0,0,0,0,1,0
3671635000,facebook/react,0,0,0,0,0,0.0,0,0,0,0,0,0,0,0
3670374427,facebook/react,1136,71,6,19,0,0.3158,4,3,0,12,1,2,1,1
3670216593,facebook/react,730,47,4,4,0,1.0,0,4,1,6,0,6,5,4
3668943340,facebook/react,838,21,2,2,0,1.0,14,1,0,3,0,0,4,4
3666206830,facebook/react,0,0,0,0,0,0.0,0,0,0,0,0,0,0,0
3655637544,facebook/react,244,23,2,2,0,1.0,0,3,0,0,0,0,1,1
3654996494,facebook/react,0,0,0,0,0,0.0,0,0,0,0,0,0,0,0
3648212997,facebook/react,0,0,0,0,0,0.0,0,0,0,0,0,0,0,0
3640181345,facebook/react,0,0,0,0,0,0.0,0,0,0,0,0,0,0,0
3639601920,facebook/react,0,0,0,0,0,0.0,0,0,0,0,0,0,0,0
3638352862,facebook/react,1281,50,5,5,0,1.0,54,3,0,9,2,0,2,12
3638120984,facebook/react,0,0,0,0,0,0.0,0,0,0,0,0,0,0,0
3619760867,facebook/react,631,35,9,9,0,1.0,27,14,0,8,0,0,1,10
3619688283,facebook/react,523,33,9,9,0,1.0,26,13,0,4,0,0,1,5
3618625142,facebook/react,0,0,0,0,0,0.0,0,0,0,0,0,0,0,0
3618624885,facebook/react,2,1,1,1,0,1.0,0,0,0,0,0,0,0,0
3615730754,facebook/react,1660,44,3,3,0,1.0,17,11,0,1,0,0,2,10
3609203830,facebook/react,22,3,1,1,0,1.0,1,0,0,0,0,0,0,0
3609174348,facebook/react,28,3,1,1,0,1.0,1,0,0,0,0,0,0,0
3605967813,facebook/react,0,0,0,0,0,0.0,0,0,0,0,0,0,0,0
3599930838,facebook/react,0,0,0,0,0,0.0,0,0,0,0,0,0,0,0
3599919679,facebook/react,0,0,0,0,0,0.0,0,0,0,0,0,0,0,0
3599907766,facebook/react,0,0,0,0,0,0.0,0,0,0,0,0,0,0,0
3599901835,facebook/react,0,0,0,0,0,0.0,0,0,0,0,0,0,0,0
3599890271,facebook/react,0,0,0,0,0,0.0,0,0,0,0,0,0,0,0
3599878679,facebook/react,0,0,0,0,0,0.0,0,0,0,0,0,0,0,0
3686466206,facebook/react,529344,18015,1551,1551,0,1.0,72,4061,177,3067,897,70,3549,1553
3590865294,facebook/react,1143,77,10,10,0,1.0,10,19,0,14,0,4,8,9
3683290129,facebook/react,533791,17632,1518,1518,0,1.0,75,3991,177,3243,920,74,3642,1674
3586571663,facebook/react,156,28,6,6,0,1.0,10,0,0,1,0,0,3,3
3581906156,facebook/react,0,0,0,0,0,0.0,0,0,0,0,0,0,0,0
3580107185,facebook/react,847,33,2,2,0,1.0,0,3,0,10,1,4,4,1
3574059026,facebook/react,1316,19,1,1,0,1.0,0,15,0,0,0,0,3,4
3566880419,facebook/react,988,50,4,4,0,1.0,0,12,0,4,0,0,7,4
3565270619,facebook/react,9,1,1,1,0,1.0,0,0,0,0,0,0,0,0
3563631522,facebook/react,90,13,2,2,0,1.0,2,0,0,0,0,0,0,0
3560923118,facebook/react,83,16,2,2,0,1.0,1,1,0,0,0,0,0,0
3557327796,facebook/react,33,10,3,3,0,1.0,3,0,0,0,0,0,0,0
3550887044,facebook/react,144,13,1,1,0,1.0,0,0,0,2,0,0,2,0
3546620922,facebook/react,20,6,1,1,0,1.0,0,0,0,1,0,0,0,0
3546553007,facebook/react,9976,193,20,20,0,1.0,482,61,0,31,2,4,30,95
3546398838,facebook/react,119,15,2,2,0,1.0,3,2,0,0,0,0,2,0
3546386373,facebook/react,107,12,1,1,0,1.0,2,2,0,0,0,0,2,0
3545753587,facebook/react,0,0,0,0,0,0.0,0,0,0,0,0,0,0,0
3544335240,facebook/react,0,0,0,0,0,0.0,0,0,0,0,0,0,0,0
3543897250,facebook/react,199,27,3,3,0,1.0,0,2,0,1,0,0,2,0
3543855575,facebook/react,199,27,3,3,0,1.0,0,2,0,1,0,0,2,0
3543573918,facebook/react,199,27,3,3,0,1.0,0,2,0,1,0,0,2,0
3542703421,facebook/react,0,0,0,0,0,0.0,0,0,0,0,0,0,0,0
3542272023,facebook/react,0,0,0,0,0,0.0,0,0,0,0,0,0,0,0
3542177034,facebook/react,199,27,3,3,0,1.0,0,2,0,1,0,0,2,0
3541953167,facebook/react,0,0,0,0,0,0.0,0,0,0,0,0,0,0,0
3541929460,facebook/react,199,27,3,3,0,1.0,0,2,0,1,0,0,2,0
3541864187,facebook/react,0,0,0,0,0,0.0,0,0,0,0,0,0,0,0
3541707470,facebook/react,54,4,1,1,0,1.0,0,0,0,0,0,0,0,0
3541412693,facebook/react,0,0,0,0,0,0.0,0,0,0,0,0,0,0,0
3540991202,facebook/react,616,27,2,2,0,1.0,0,14,0,1,0,0,4,3
3540778322,facebook/react,151,23,4,35,0,0.1143,2,1,0,2,0,0,1,0
3535039699,facebook/react,41,3,1,1,0,1.0,8,0,0,0,0,0,0,0
3533476382,facebook/react,0,0,0,0,0,0.0,0,0,0,0,0,0,0,0
3533309138,facebook/react,17,7,2,2,0,1.0,2,0,0,0,0,0,0,0
3532441985,facebook/react,14,6,2,2,0,1.0,2,0,0,0,0,0,0,0
3529833883,facebook/react,0,0,0,0,0,0.0,0,0,0,0,0,0,0,0
3529738010,facebook/react,0,0,0,0,0,0.0,0,0,0,0,0,0,0,0
3529311992,facebook/react,54,13,3,5,0,0.6,5,0,0,0,0,0,0,0
3525939426,facebook/react,0,0,0,0,0,0.0,0,0,0,0,0,0,0,0
3528850043,facebook/react,302,27,4,5,0,0.8,17,8,1,0,0,0,4,4
3525549620,facebook/react,0,0,0,0,0,0.0,0,0,0,0,0,0,0,0
3518657740,facebook/react,118,11,1,1,0,1.0,0,0,0,2,0,0,0,2
3517757278,facebook/react,3150,89,10,10,0,1.0,162,13,1,14,6,0,16,37
3515844924,facebook/react,0,0,0,0,0,0.0,0,0,0,0,0,0,0,0
3510598051,facebook/react,24,9,2,2,0,1.0,1,0,0,0,0,0,0,0
3509381477,facebook/react,151,18,3,3,0,1.0,8,0,0,1,0,0,2,0
3505134076,facebook/react,72,13,3,3,0,1.0,2,0,0,0,0,0,0,0
3504792924,facebook/react,45,6,1,1,0,1.0,1,0,0,0,0,0,0,1
3499198097,facebook/react,0,0,0,0,0,0.0,0,0,0,0,0,0,0,0
3498227750,facebook/react,0,0,0,0,0,0.0,0,0,0,0,0,0,0,0
3494452130,facebook/react,326,30,3,3,0,1.0,3,7,0,0,0,0,4,0
3486384243,facebook/react,639,54,8,8,0,1.0,16,0,0,10,3,0,4,15
3484993552,facebook/react,0,0,0,0,0,0.0,0,0,0,0,0,0,0,0
3482398486,facebook/react,150,22,3,3,0,1.0,9,2,0,0,0,0,1,1
3482187987,facebook/react,627,36,3,3,0,1.0,1,12,0,6,1,2,4,5
3481667304,facebook/react,232,26,3,3,0,1.0,0,3,0,0,1,0,3,0
3483870298,facebook/react,1458,241,195,195,0,1.0,40,1,0,0,0,0,0,0
3480984974,facebook/react,0,0,0,0,0,0.0,0,0,0,0,0,0,0,0
3480915146,facebook/react,0,0,0,0,0,0.0,0,0,0,0,0,0,0,0
3480806437,facebook/react,0,0,0,0,0,0.0,0,0,0,0,0,0,0,0
3599192025,facebook/react,551826,12971,1226,1466,0,0.8363,11823,3692,128,2700,448,188,2355,2714
3480753453,facebook/react,0,0,0,0,0,0.0,0,0,0,0,0,0,0,0
3479403737,facebook/react,641,22,1,1,0,1.0,17,2,0,10,1,0,3,4
3478114676,facebook/react,0,0,0,0,0,0.0,0,0,0,0,0,0,0,0
3479341478,facebook/react,21288,597,35,35,0,1.0,12,188,0,49,24,0,85,32
3474819372,facebook/react,102,13,1,1,0,1.0,0,2,0,1,0,0,2,0
3473579411,facebook/react,2152,59,3,3,0,1.0,3,39,1,9,1,0,13,14
3467664153,facebook/react,0,0,0,0,0,0.0,0,0,0,0,0,0,0,0
3467528955,facebook/react,0,0,0,0,0,0.0,0,0,0,0,0,0,0,0
3467501947,facebook/react,0,0,0,0,0,0.0,0,0,0,0,0,0,0,0
3460878843,facebook/react,27,6,1,1,0,1.0,1,0,0,0,0,0,0,0
3460338353,facebook/react,0,0,0,0,0,0.0,0,0,0,0,0,0,0,0
3458743063,facebook/react,199,27,4,4,0,1.0,4,1,0,1,0,0,2,0
3458961331,facebook/react,548,25,2,2,0,1.0,0,8,0,1,0,0,4,3
3457853339,facebook/react,1523,45,5,10,0,0.5,12,13,0,14,0,2,10,6
3458037275,facebook/react,79,10,1,1,0,1.0,0,0,0,1,0,2,2,0
3457204783,facebook/react,0,0,0,0,0,0.0,0,0,0,0,0,0,0,0
3457029699,facebook/react,0,0,0,0,0,0.0,0,0,0,0,0,0,0,0
3454966871,facebook/react,0,0,0,0,0,0.0,0,0,0,0,0,0,0,0
3453990307,facebook/react,0,0,0,0,0,0.0,0,0,0,0,0,0,0,0
3452763756,facebook/react,550,46,5,5,0,1.0,3,8,0,0,0,0,0,0
3456835473,facebook/react,777,141,25,40,0,0.625,11,7,0,12,0,0,2,0
3451343313,facebook/react,1560,43,2,2,0,1.0,0,42,0,0,0,0,3,6
3449087133,facebook/react,0,0,0,0,0,0.0,0,0,0,0,0,0,0,0
3447820874,facebook/react,0,0,0,0,0,0.0,0,0,0,0,0,0,0,0
3445413783,facebook/react,61,10,1,1,0,1.0,1,0,0,3,0,0,0,0
3445392657,facebook/react,6059,140,17,17,0,1.0,28,71,0,38,3,0,24,23
3443253992,facebook/react,0,0,0,0,0,0.0,0,0,0,0,0,0,0,0
3441302801,facebook/react,6029,140,17,17,0,1.0,27,71,0,37,3,0,24,23
3436798295,facebook/react,459,28,3,3,0,1.0,0,5,0,1,0,0,2,2
3435066626,facebook/react,62,8,1,1,0,1.0,0,0,0,2,0,0,0,0
3468782371,facebook/react,163777,2648,260,260,129,1.0,299,1902,178,3682,1202,87,963,5379
3434759596,facebook/react,17,3,1,1,0,1.0,2,0,0,0,0,0,0,0
3433541218,facebook/react,9,3,1,1,0,1.0,1,0,0,0,0,0,0,0
3429859058,facebook/react,2640,16,1,1,0,1.0,0,8,0,8,0,2,5,1
3429662963,facebook/react,0,0,0,0,0,0.0,0,0,0,0,0,0,0,0
3428612241,facebook/react,0,0,0,0,0,0.0,0,0,0,0,0,0,0,0
3425437854,facebook/react,256,22,2,2,0,1.0,0,3,0,2,0,0,1,0
3424671935,facebook/react,543,33,2,2,0,1.0,1,4,0,2,0,0,4,2
3427019038,facebook/react,3972,202,15,15,0,1.0,95,31,0,10,0,0,18,10
3422613645,facebook/react,0,0,0,0,0,0.0,0,0,0,0,0,0,0,0
3421490160,facebook/react,36,14,3,3,0,1.0,2,0,0,0,0,0,0,0
3421492694,facebook/react,209,24,2,2,0,1.0,1,4,0,0,0,0,2,0
3421426323,facebook/react,0,0,0,0,0,0.0,0,0,0,0,0,0,0,0
3421262560,facebook/react,0,0,0,0,0,0.0,0,0,0,0,0,0,0,0
3987237766,huggingface/transformers,21,9,2,2,0,1.0,0,0,0,0,0,0,0,2
3990147245,huggingface/transformers,2390,45,4,4,0,1.0,24,3,0,9,1,0,7,15
3992566811,huggingface/transformers,371,22,3,3,0,1.0,0,1,5,3,0,0,0,9
3986719922,huggingface/transformers,30,5,1,1,0,1.0,1,0,0,0,0,0,0,0
3986043298,huggingface/transformers,281,15,5,5,0,1.0,23,0,0,0,0,0,0,0
3985747804,huggingface/transformers,0,0,0,0,0,0.0,0,0,0,0,0,0,0,0
3981824152,huggingface/transformers,252,21,2,2,0,1.0,0,2,0,0,0,0,2,6
3980212702,huggingface/transformers,46,14,2,2,0,1.0,0,0,0,0,0,0,0,2
3980060993,huggingface/transformers,219,32,4,4,0,1.0,1,3,0,3,0,0,5,1
3978614124,huggingface/transformers,853,15,1,1,0,1.0,0,3,1,1,2,0,0,24
3977172027,huggingface/transformers,211,17,2,2,0,1.0,2,1,0,0,0,0,0,2
3978405950,huggingface/transformers,7,3,1,1,0,1.0,0,0,0,0,0,0,0,0
3976641326,huggingface/transformers,247,19,1,1,0,1.0,0,0,0,5,0,2,0,6
3976770699,huggingface/transformers,1138,53,5,5,0,1.0,6,1,0,9,4,0,2,22
3973355633,huggingface/transformers,6012,92,6,6,0,1.0,4,0,0,42,0,12,0,212
3973017639,huggingface/transformers,69,21,3,3,0,1.0,0,0,0,0,0,0,0,3
3972996854,huggingface/transformers,198,16,2,2,0,1.0,0,0,0,4,0,0,0,8
3971994859,huggingface/transformers,697,23,3,3,0,1.0,0,2,0,7,0,0,2,25
3971036878,huggingface/transformers,46,10,2,2,0,1.0,0,0,0,0,0,0,0,4
3970515821,huggingface/transformers,15,5,1,1,0,1.0,0,0,0,0,0,0,0,1
3970769992,huggingface/transformers,196,7,1,1,0,1.0,0,0,0,5,0,0,0,1
3967887630,huggingface/transformers,2047,40,4,4,0,1.0,40,3,0,10,1,4,5,39
3968406687,huggingface/transformers,246,19,2,2,0,1.0,2,2,0,0,0,0,2,2
3968343734,huggingface/transformers,37636,184,16,16,0,1.0,1,172,46,199,33,4,154,1108
3967551272,huggingface/transformers,36,7,1,1,0,1.0,0,0,0,0,0,0,1,1
3967548442,huggingface/transformers,887,69,8,8,0,1.0,0,3,2,4,0,4,0,18
3965960575,huggingface/transformers,0,0,0,0,0,0.0,0,0,0,0,0,0,0,0
3963788170,huggingface/transformers,1304,40,5,5,0,1.0,25,0,0,4,0,0,0,19
3963303670,huggingface/transformers,7778,95,9,9,0,1.0,1,38,17,23,3,0,21,234
3963015190,huggingface/transformers,1130,147,22,22,0,1.0,20,4,0,2,0,0,3,14
3961823134,huggingface/transformers,270,7,1,1,0,1.0,4,0,0,0,0,0,1,13
3961525671,huggingface/transformers,1328,27,2,2,0,1.0,0,7,2,2,1,0,2,14
3961353842,huggingface/transformers,0,0,0,0,0,0.0,0,0,0,0,0,0,0,0
3960379544,huggingface/transformers,129,20,3,3,0,1.0,0,1,0,0,0,0,0,3
3956816359,huggingface/transformers,173,23,3,3,0,1.0,0,1,0,0,0,0,0,6
3956484893,huggingface/transformers,506,19,2,2,0,1.0,0,2,0,1,0,0,1,8
3955985334,huggingface/transformers,17,6,1,1,0,1.0,0,0,0,0,0,0,0,0
3954753374,huggingface/transformers,260,80,20,21,0,0.9524,0,0,0,0,0,0,0,0
3957501068,huggingface/transformers,340,23,2,2,0,1.0,1,2,1,2,0,0,0,8
3954230483,huggingface/transformers,108,6,1,1,0,1.0,0,0,0,2,0,0,0,2
3953200020,huggingface/transformers,0,0,0,6,0,0.0,0,0,0,0,0,0,0,0
3951788295,huggingface/transformers,588,31,3,3,0,1.0,0,3,0,0,1,0,2,16
3949781056,huggingface/transformers,0,0,0,0,0,0.0,0,0,0,0,0,0,0,0
3949774199,huggingface/transformers,0,0,0,0,0,0.0,0,0,0,0,0,0,0,0
3949045507,huggingface/transformers,23,5,1,1,0,1.0,3,0,0,0,0,0,0,0
3948758304,huggingface/transformers,377,12,1,1,0,1.0,0,6,1,0,0,0,0,6
3948598149,huggingface/transformers,268,34,6,6,0,1.0,0,2,0,0,0,0,0,10
3947605828,huggingface/transformers,100,16,2,2,0,1.0,0,0,0,2,0,0,0,4
3943946100,huggingface/transformers,0,0,0,0,0,0.0,0,0,0,0,0,0,0,0
3945712099,huggingface/transformers,32,10,2,2,0,1.0,0,0,0,0,2,0,0,0
3943213981,huggingface/transformers,0,0,0,0,0,0.0,0,0,0,0,0,0,0,0
3942634202,huggingface/transformers,300,21,2,2,0,1.0,0,2,0,1,0,2,1,6
3942205373,huggingface/transformers,177,11,1,1,0,1.0,0,0,0,2,1,0,0,5
3942072895,huggingface/transformers,218,38,4,4,0,1.0,0,0,0,0,0,0,0,8
3941029837,huggingface/transformers,4197,79,7,7,0,1.0,18,13,3,13,4,0,4,88
3941170759,huggingface/transformers,449,20,2,2,0,1.0,0,1,0,1,0,0,0,11
3941797417,huggingface/transformers,0,0,0,0,0,0.0,0,0,0,0,0,0,0,0
3940311668,huggingface/transformers,0,0,0,0,0,0.0,0,0,0,0,0,0,0,0
3940983671,huggingface/transformers,0,0,0,0,0,0.0,0,0,0,0,0,0,0,0
3940044468,huggingface/transformers,376,20,2,2,0,1.0,0,0,0,4,0,0,0,14
3939500064,huggingface/transformers,432,34,3,3,0,1.0,2,2,0,2,0,0,1,8
3938409030,huggingface/transformers,0,0,0,0,0,0.0,0,0,0,0,0,0,0,0
3937799472,huggingface/transformers,88,14,2,2,0,1.0,2,0,0,0,0,0,0,8
3937386773,huggingface/transformers,0,0,0,0,0,0.0,0,0,0,0,0,0,0,0
3937156417,huggingface/transformers,20,5,1,1,0,1.0,0,1,0,0,0,0,0,0
3936440387,huggingface/transformers,46,10,2,2,0,1.0,2,1,0,0,0,0,0,0
3936045297,huggingface/transformers,199,20,2,2,0,1.0,0,2,1,1,0,0,1,3
3935349156,huggingface/transformers,168,8,1,1,0,1.0,2,0,0,0,0,0,0,1
3934763451,huggingface/transformers,444,5,1,1,0,1.0,0,0,0,0,0,0,0,2
3934526294,huggingface/transformers,148,34,5,5,0,1.0,2,3,0,0,0,0,0,0
3934098493,huggingface/transformers,456,41,5,5,0,1.0,0,2,0,0,0,0,2,11
3934090136,huggingface/transformers,14,6,2,2,0,1.0,0,0,0,0,0,0,0,2
3933658533,huggingface/transformers,1015,39,4,4,0,1.0,0,9,2,4,0,0,3,10
3935499714,huggingface/transformers,0,0,0,0,0,0.0,0,0,0,0,0,0,0,0
3933486898,huggingface/transformers,0,0,0,0,0,0.0,0,0,0,0,0,0,0,0
3931640107,huggingface/transformers,64,16,2,2,0,1.0,0,0,0,0,0,0,0,0
3931207537,huggingface/transformers,134,24,3,3,0,1.0,0,0,0,2,0,0,0,3
3931254065,huggingface/transformers,245,15,5,5,0,1.0,5,0,0,0,0,0,0,5
3929767100,huggingface/transformers,0,0,0,0,0,0.0,0,0,0,0,0,0,0,0
3929345279,huggingface/transformers,213,22,4,4,0,1.0,5,0,0,0,0,0,0,8
3928362004,huggingface/transformers,25611,143,12,12,0,1.0,1,94,56,114,6,0,62,801
3927305649,huggingface/transformers,251,13,2,2,0,1.0,10,0,0,1,1,0,1,5
3926267642,huggingface/transformers,16,5,1,1,0,1.0,0,0,0,0,0,0,0,1
3926067015,huggingface/transformers,234,22,2,2,0,1.0,0,1,0,1,1,0,0,7
3925998824,huggingface/transformers,908,72,11,11,0,1.0,4,14,0,5,0,0,11,7
3925997578,huggingface/transformers,1482,122,15,15,0,1.0,0,0,0,0,0,0,0,58
3925963721,huggingface/transformers,367,17,2,2,0,1.0,0,1,0,2,0,0,1,13
3925886417,huggingface/transformers,2852,63,5,5,0,1.0,0,12,0,17,0,0,20,69
3925103719,huggingface/transformers,128,18,3,3,0,1.0,0,0,0,0,0,0,0,3
3925264918,huggingface/transformers,0,0,0,0,0,0.0,0,0,0,0,0,0,0,0
3924733860,huggingface/transformers,107,7,1,1,0,1.0,0,0,0,2,0,0,0,4
3922474536,huggingface/transformers,0,0,0,0,0,0.0,0,0,0,0,0,0,0,0
3924665705,huggingface/transformers,144,38,6,6,0,1.0,6,0,0,0,0,0,0,0
3921895834,huggingface/transformers,2900,75,7,7,0,1.0,4,7,0,17,0,0,8,77
3920504591,huggingface/transformers,122,6,2,2,0,1.0,10,0,0,0,0,0,0,0
3921659891,huggingface/transformers,388,26,2,3,0,0.6667,1,1,0,0,0,0,0,5
3920165830,huggingface/transformers,12,6,2,2,0,1.0,0,0,0,0,0,0,0,2
3919722492,huggingface/transformers,177,14,1,1,0,1.0,3,0,0,1,0,0,0,5
3919589953,huggingface/transformers,1222,28,2,2,0,1.0,21,2,0,3,1,0,1,27
3919438008,huggingface/transformers,11,4,1,1,0,1.0,0,0,0,0,0,0,0,0
3919253656,huggingface/transformers,732,17,1,1,0,1.0,1,3,0,0,0,0,0,1
3919076432,huggingface/transformers,172,29,4,4,0,1.0,2,0,0,2,0,0,0,10
3917726740,huggingface/transformers,388,50,6,6,0,1.0,0,1,0,0,0,0,0,7
3917219744,huggingface/transformers,220,35,5,5,0,1.0,0,0,0,5,0,0,0,5
3917149045,huggingface/transformers,1028,22,3,3,0,1.0,0,1,0,0,2,0,0,32
3917133812,huggingface/transformers,60,7,1,1,0,1.0,0,0,0,2,0,0,0,2
3916870422,huggingface/transformers,28,7,1,1,0,1.0,0,0,0,1,0,0,0,1
3915889156,huggingface/transformers,27,6,1,1,0,1.0,5,0,0,0,0,0,0,0
3914872849,huggingface/transformers,64,11,2,2,0,1.0,1,0,0,2,0,0,0,0
3913226089,huggingface/transformers,323,30,3,3,0,1.0,1,5,0,4,0,0,0,2
3912563643,huggingface/transformers,0,0,0,6,0,0.0,0,0,0,0,0,0,0,0
3912432497,huggingface/transformers,88,6,1,1,0,1.0,0,0,0,0,0,0,0,0
3910713609,huggingface/transformers,1026,48,4,4,0,1.0,1,6,1,24,6,0,8,26
3910542482,huggingface/transformers,460,34,4,4,0,1.0,0,1,0,6,0,0,5,4
3913174510,huggingface/transformers,14150,685,86,88,0,0.9773,63,36,22,26,1,0,26,435
3910418717,huggingface/transformers,0,0,0,0,0,0.0,0,0,0,0,0,0,0,0
3910441450,huggingface/transformers,0,0,0,0,0,0.0,0,0,0,0,0,0,0,0
3910396049,huggingface/transformers,196,28,3,3,0,1.0,2,2,0,0,0,0,1,4
3910253287,huggingface/transformers,484,20,2,2,0,1.0,0,2,1,1,0,0,0,12
3910267246,huggingface/transformers,254,17,1,1,0,1.0,0,0,0,4,1,2,0,7
3910154053,huggingface/transformers,0,0,0,0,0,0.0,0,0,0,0,0,0,0,0
3910020255,huggingface/transformers,99,11,1,1,0,1.0,0,0,0,2,0,0,0,4
3910018893,huggingface/transformers,26,6,1,1,0,1.0,2,0,0,0,0,0,0,0
3910019489,huggingface/transformers,257,23,2,2,0,1.0,0,0,0,7,2,0,0,1
3909901905,huggingface/transformers,0,0,0,0,0,0.0,0,0,0,0,0,0,0,0
3909378924,huggingface/transformers,46,9,1,1,0,1.0,0,0,0,0,0,0,0,1
3908496244,huggingface/transformers,80,11,1,1,0,1.0,0,0,0,2,0,0,0,2
3908474815,huggingface/transformers,494,87,7,7,0,1.0,3,0,0,0,0,0,0,5
3908474175,huggingface/transformers,143,8,1,1,0,1.0,0,0,0,0,0,0,0,4
3908472111,huggingface/transformers,308,24,2,2,0,1.0,0,0,0,10,2,0,0,8
3908471349,huggingface/transformers,607,24,1,1,0,1.0,2,1,0,5,0,2,2,18
3907908307,huggingface/transformers,0,0,0,0,0,0.0,0,0,0,0,0,0,0,0
3906800230,huggingface/transformers,29,6,1,1,0,1.0,1,0,0,0,0,0,0,0
3906630999,huggingface/transformers,275,33,4,4,0,1.0,4,1,0,0,0,0,0,2
3906207858,huggingface/transformers,29,6,1,1,0,1.0,1,0,0,0,0,0,0,0
3905828943,huggingface/transformers,225,19,2,2,0,1.0,0,1,0,2,0,0,0,10
3905569525,huggingface/transformers,22,5,1,1,0,1.0,0,0,0,0,0,0,0,2
3905752084,huggingface/transformers,59,8,1,1,0,1.0,1,0,0,0,0,0,0,0
3904678930,huggingface/transformers,34,7,1,1,0,1.0,0,0,0,0,0,0,0,1
3904059951,huggingface/transformers,1108,53,5,5,0,1.0,0,6,0,0,2,0,4,30
3905413345,huggingface/transformers,14178,71,7,7,0,1.0,0,52,12,93,7,0,42,436
3902946505,huggingface/transformers,0,0,0,0,0,0.0,0,0,0,0,0,0,0,0
3902856457,huggingface/transformers,695,35,3,3,0,1.0,0,1,0,4,0,0,0,24
3902085561,huggingface/transformers,488,11,1,1,0,1.0,0,2,0,2,0,0,1,14
3900632128,huggingface/transformers,119,19,2,2,0,1.0,0,1,0,1,1,0,0,1
3899794557,huggingface/transformers,7761,34,2,2,0,1.0,0,68,16,25,3,6,35,110
3900561041,huggingface/transformers,53,4,1,1,0,1.0,0,0,0,0,0,0,0,0
3899385359,huggingface/transformers,0,0,0,0,0,0.0,0,0,0,0,0,0,0,0
3899377563,huggingface/transformers,0,0,0,0,0,0.0,0,0,0,0,0,0,0,0
3898969702,huggingface/transformers,182,17,1,1,0,1.0,0,2,0,1,0,2,3,0
3898635706,huggingface/transformers,38,13,2,2,0,1.0,1,0,0,0,0,0,0,1
3897826651,huggingface/transformers,1165,40,6,6,0,1.0,11,2,0,1,2,0,1,27
3897276387,huggingface/transformers,448,28,3,3,0,1.0,8,2,0,0,0,0,1,11
3897118767,huggingface/transformers,686,33,2,2,0,1.0,0,2,0,2,1,0,0,15
3895067322,huggingface/transformers,961,26,2,2,0,1.0,0,11,2,5,1,0,8,26
3894987421,huggingface/transformers,20,6,2,2,0,1.0,2,0,0,0,0,0,0,0
3894866436,huggingface/transformers,1075,30,3,3,0,1.0,0,11,2,5,1,0,8,30
3894866368,huggingface/transformers,55,13,2,2,0,1.0,0,0,0,0,0,0,0,3
3893955768,huggingface/transformers,117,16,3,3,0,1.0,0,0,0,0,0,0,0,0
3893828981,huggingface/transformers,71,8,1,1,0,1.0,0,1,0,1,0,0,0,1
3893819387,huggingface/transformers,118,17,2,2,0,1.0,0,1,0,1,0,0,0,3
3893555566,huggingface/transformers,260,47,5,5,0,1.0,0,3,0,2,0,0,0,7
3893065441,huggingface/transformers,0,0,0,0,0,0.0,0,0,0,0,0,0,0,0
3892814978,huggingface/transformers,205,22,2,2,0,1.0,0,0,0,4,1,0,0,4
3891714973,huggingface/transformers,0,0,0,0,0,0.0,0,0,0,0,0,0,0,0
3892415110,huggingface/transformers,529,24,2,2,0,1.0,14,5,0,0,2,0,2,7
3891606642,huggingface/transformers,20,6,2,2,0,1.0,1,0,0,0,0,0,0,0
3891603140,huggingface/transformers,0,0,0,0,0,0.0,0,0,0,0,0,0,0,0
3890842610,huggingface/transformers,75,8,1,1,0,1.0,1,0,0,0,0,0,0,0
3890347820,huggingface/transformers,6628,190,13,13,0,1.0,23,14,0,69,0,0,0,189
3890515627,huggingface/transformers,59,11,2,2,0,1.0,1,0,0,0,0,0,0,1
3888002759,huggingface/transformers,16,6,1,1,0,1.0,1,0,0,0,0,0,0,0
3885644387,huggingface/transformers,3032,16,2,2,0,1.0,1,0,0,0,0,0,0,6
3885357276,huggingface/transformers,149,18,2,2,0,1.0,5,0,0,1,0,0,1,3
3885543340,huggingface/transformers,501,40,4,5,0,0.8,0,1,0,0,1,0,0,13
3884613861,huggingface/transformers,269,26,3,3,0,1.0,0,1,0,0,1,0,0,11
3884976144,huggingface/transformers,730,29,2,2,0,1.0,3,3,0,5,0,0,1,11
3884513776,huggingface/transformers,361,32,3,3,0,1.0,5,1,0,1,0,0,1,9
3883949905,huggingface/transformers,0,0,0,0,0,0.0,0,0,0,0,0,0,0,0
3883779002,huggingface/transformers,0,0,0,0,0,0.0,0,0,0,0,0,0,0,0
3883575301,huggingface/transformers,1680,50,5,5,0,1.0,25,3,0,0,0,0,0,43
3882467527,huggingface/transformers,0,0,0,0,0,0.0,0,0,0,0,0,0,0,0
3889542048,huggingface/transformers,27279,1303,146,147,0,0.9932,175,63,8,105,6,0,63,651
3881787838,huggingface/transformers,3109,65,7,8,0,0.875,58,6,0,7,4,0,7,60
3882125774,huggingface/transformers,809,24,2,2,0,1.0,2,4,1,14,3,0,5,20
3881328830,huggingface/transformers,252,9,1,1,0,1.0,0,0,0,0,0,0,0,12
3880556993,huggingface/transformers,3041,60,8,8,0,1.0,1,19,2,37,7,2,21,45
3880731050,huggingface/transformers,89,9,1,1,0,1.0,0,0,0,1,0,0,0,3
3880514192,huggingface/transformers,1181,38,4,4,0,1.0,52,1,0,3,0,0,1,5
3880513939,huggingface/transformers,2118,51,5,5,0,1.0,52,14,1,3,0,0,1,27
3880350754,huggingface/transformers,0,0,0,0,0,0.0,0,0,0,0,0,0,0,0
3880309578,huggingface/transformers,0,0,0,0,0,0.0,0,0,0,0,0,0,0,0
3878744425,huggingface/transformers,265,19,2,2,0,1.0,0,1,0,1,0,0,0,8
3878732690,huggingface/transformers,5167,28,2,2,0,1.0,0,24,6,10,0,0,2,135
3878480663,huggingface/transformers,0,0,0,0,0,0.0,0,0,0,0,0,0,0,0
3877503449,huggingface/transformers,111,30,3,3,0,1.0,0,0,0,0,0,0,0,3
3877491153,huggingface/transformers,2599,44,3,3,0,1.0,14,17,1,5,7,2,4,21
3875567233,huggingface/transformers,849,17,2,2,0,1.0,26,0,0,4,0,0,1,11
3875317969,huggingface/transformers,1317,48,4,4,0,1.0,20,2,1,6,1,0,0,25
3873163105,huggingface/transformers,121,8,1,1,0,1.0,0,0,0,2,0,0,0,4
3873130220,huggingface/transformers,40503,118,13,13,0,1.0,3,108,51,121,21,4,70,874
3872886350,huggingface/transformers,60,7,1,1,0,1.0,0,0,0,2,0,0,0,2
3872825274,huggingface/transformers,257,10,1,1,0,1.0,13,0,0,1,0,0,0,1
3872412120,huggingface/transformers,1445,12,1,1,0,1.0,14,0,0,0,0,0,0,1
3872218381,huggingface/transformers,154,9,1,1,0,1.0,3,0,0,0,0,0,0,0
3870330504,huggingface/transformers,214,20,2,2,0,1.0,0,0,0,0,0,0,0,8
3871852441,huggingface/transformers,1683,57,10,10,0,1.0,41,8,0,11,3,0,10,29
3870300886,huggingface/transformers,51,7,1,1,0,1.0,5,0,0,0,0,0,0,0
3870129611,huggingface/transformers,0,0,0,0,0,0.0,0,0,0,0,0,0,0,0
3869632353,huggingface/transformers,0,0,0,0,0,0.0,0,0,0,0,0,0,0,0
3869253552,huggingface/transformers,40,8,2,2,0,1.0,0,0,0,0,0,0,0,2
3869032972,huggingface/transformers,275,12,1,1,0,1.0,3,1,0,4,0,0,1,6
3868962275,huggingface/transformers,347,21,2,2,0,1.0,0,2,0,2,0,0,1,9
3868886176,huggingface/transformers,34,6,1,1,0,1.0,0,0,1,0,0,0,0,3
3868036661,huggingface/transformers,788,19,2,2,0,1.0,2,2,0,2,2,0,0,21
3868011388,huggingface/transformers,101,9,1,1,0,1.0,0,0,0,2,0,0,0,2
3867804740,huggingface/transformers,0,0,0,0,0,0.0,0,0,0,0,0,0,0,0
3867687804,huggingface/transformers,793,29,2,2,0,1.0,2,4,0,5,0,2,3,10
3867441151,huggingface/transformers,222,30,6,6,0,1.0,0,0,0,0,0,0,0,12
3867673300,huggingface/transformers,375,23,2,2,0,1.0,0,1,0,5,1,0,0,13
3867130150,huggingface/transformers,325,20,2,2,0,1.0,1,1,0,2,1,0,0,9
3867062930,huggingface/transformers,181,12,1,1,0,1.0,0,1,0,3,0,0,1,5
3866824782,huggingface/transformers,0,0,0,0,0,0.0,0,0,0,0,0,0,0,0
3865963013,huggingface/transformers,0,0,0,0,0,0.0,0,0,0,0,0,0,0,0
3866542073,huggingface/transformers,9840,84,8,8,0,1.0,54,3,1,13,3,0,5,98
3865239192,huggingface/transformers,417,21,2,2,0,1.0,0,4,2,1,0,0,2,7
3865037501,huggingface/transformers,32,10,4,4,0,1.0,3,0,0,0,0,0,0,0
3865037319,huggingface/transformers,11,5,3,3,0,1.0,0,0,0,0,0,0,0,0
3865037224,huggingface/transformers,8,4,2,2,0,1.0,0,0,0,0,0,0,0,0
3862074902,huggingface/transformers,0,0,0,0,0,0.0,0,0,0,0,0,0,0,0
3865037093,huggingface/transformers,2,1,1,1,0,1.0,0,0,0,0,0,0,0,0
3861841519,huggingface/transformers,77,9,1,1,0,1.0,0,0,0,1,0,0,0,2
3861840731,huggingface/transformers,120,14,2,2,0,1.0,0,1,0,0,0,0,0,5
3861814652,huggingface/transformers,7,3,3,3,0,1.0,0,0,0,0,0,0,0,0
3861812768,huggingface/transformers,4,2,2,2,0,1.0,0,0,0,0,0,0,0,0
3861812629,huggingface/transformers,2,1,1,1,0,1.0,0,0,0,0,0,0,0,0
3861654603,huggingface/transformers,261,20,2,2,0,1.0,0,1,0,1,0,0,0,7
3861018065,huggingface/transformers,1071,42,3,3,0,1.0,12,0,0,6,3,0,0,27
3860969599,huggingface/transformers,513,26,2,2,0,1.0,0,4,1,3,2,0,1,6
3860828237,huggingface/transformers,77,9,1,1,0,1.0,0,0,0,1,0,0,0,2
3860613279,huggingface/transformers,609,25,2,2,0,1.0,0,7,2,1,2,0,4,11
3860743902,huggingface/transformers,118,17,2,2,0,1.0,0,0,0,2,0,0,0,3
3860610813,huggingface/transformers,538,23,2,2,0,1.0,0,2,1,1,0,0,1,14
3860605472,huggingface/transformers,1360,45,4,4,0,1.0,0,7,1,7,3,2,3,27
3860480182,huggingface/transformers,392,25,2,2,0,1.0,1,0,0,5,0,0,0,8
3859840128,huggingface/transformers,171,19,2,2,0,1.0,1,2,0,2,0,2,3,0
3859813709,huggingface/transformers,0,0,0,0,0,0.0,0,0,0,0,0,0,0,0
3859172507,huggingface/transformers,88,17,4,4,0,1.0,2,3,0,0,0,0,0,0
3859070991,huggingface/transformers,538,21,2,2,0,1.0,0,2,0,0,1,0,3,10
3858318741,huggingface/transformers,126,13,2,2,0,1.0,0,1,0,0,0,0,0,5
3857993786,huggingface/transformers,1244,28,2,2,0,1.0,0,10,3,10,0,0,7,19
3857447376,huggingface/transformers,939,41,4,4,0,1.0,0,2,0,2,4,0,3,17
3857043876,huggingface/transformers,782,21,2,2,0,1.0,0,3,0,0,1,0,3,15
3856902809,huggingface/transformers,0,0,0,0,0,0.0,0,0,0,0,0,0,0,0
3856960758,huggingface/transformers,175,12,1,1,0,1.0,0,1,0,0,0,0,0,3
3856243936,huggingface/transformers,45,19,4,4,0,1.0,0,0,0,0,0,0,0,4
3855879126,huggingface/transformers,0,0,0,0,0,0.0,0,0,0,0,0,0,0,0
3855689499,huggingface/transformers,59,11,3,3,0,1.0,6,0,0,0,0,0,0,1
3854831289,huggingface/transformers,56,7,1,1,0,1.0,0,1,0,0,0,0,0,0
3855078476,huggingface/transformers,55,7,1,1,0,1.0,0,0,0,0,0,0,0,0
3854498102,huggingface/transformers,1132,23,1,1,0,1.0,0,6,1,25,1,2,4,17
3854818458,huggingface/transformers,42682,294,30,30,0,1.0,13,170,68,151,29,4,98,1258
3854367542,huggingface/transformers,142,6,1,1,0,1.0,14,0,0,0,0,0,0,0
3854348115,huggingface/transformers,3338,35,3,3,0,1.0,8,20,4,4,2,0,10,85
3853631073,huggingface/transformers,0,0,0,0,0,0.0,0,0,0,0,0,0,0,0
3853459361,huggingface/transformers,180,21,3,3,0,1.0,10,0,1,0,0,0,1,7
3853307188,huggingface/transformers,236,21,2,2,0,1.0,0,1,0,0,0,2,0,4
3860407474,huggingface/transformers,379,17,2,2,0,1.0,0,1,0,0,0,0,0,7
3852961310,huggingface/transformers,372,24,2,2,0,1.0,0,1,0,2,1,0,0,8
3853190512,huggingface/transformers,0,0,0,0,0,0.0,0,0,0,0,0,0,0,0
3852893035,huggingface/transformers,506,23,2,2,0,1.0,14,7,1,1,0,0,1,1
3852810315,huggingface/transformers,2583,77,6,6,0,1.0,8,8,0,18,11,0,9,73
3852851173,huggingface/transformers,306,21,3,3,0,1.0,0,0,0,0,0,0,3,12
3852609534,huggingface/transformers,6,3,1,1,0,1.0,0,0,0,0,0,0,0,0
3852600575,huggingface/transformers,69,7,1,1,0,1.0,0,0,0,0,0,0,0,3
3852593726,huggingface/transformers,15,5,3,3,0,1.0,0,0,0,0,0,0,0,0
3852593668,huggingface/transformers,21,5,1,1,0,1.0,3,0,0,0,0,0,0,0
3852593643,huggingface/transformers,3,1,1,1,0,1.0,0,0,0,0,0,0,0,0
3852593520,huggingface/transformers,13,3,1,1,0,1.0,0,0,0,0,0,0,0,0
3851743450,huggingface/transformers,599,22,4,4,0,1.0,0,0,0,0,0,0,0,7
3850545467,huggingface/transformers,46,11,2,2,0,1.0,1,0,0,1,0,0,0,1
3849461382,huggingface/transformers,1302,28,2,2,0,1.0,0,2,0,0,4,0,0,24
3849035410,huggingface/transformers,124,9,1,1,0,1.0,7,0,0,0,0,0,0,1
3852036480,huggingface/transformers,1983,440,108,108,0,1.0,143,2,0,2,0,0,0,13
3848862121,huggingface/transformers,976,26,3,3,0,1.0,84,0,0,0,0,0,0,4
3846334702,huggingface/transformers,0,0,0,0,0,0.0,0,0,0,0,0,0,0,0
3845964361,huggingface/transformers,0,0,0,0,0,0.0,0,0,0,0,0,0,0,0
3845847645,huggingface/transformers,0,0,0,0,0,0.0,0,0,0,0,0,0,0,0
3847526285,huggingface/transformers,0,0,0,0,0,0.0,0,0,0,0,0,0,0,0
3845766811,huggingface/transformers,0,0,0,0,0,0.0,0,0,0,0,0,0,0,0
3848201056,huggingface/transformers,18310,163,14,14,0,1.0,2,78,20,89,20,2,51,385
3841953133,huggingface/transformers,162,30,4,4,0,1.0,0,1,0,0,0,0,0,5
3841746723,huggingface/transformers,70,9,1,1,0,1.0,0,0,0,0,0,2,0,1
3840930126,huggingface/transformers,60,10,1,1,0,1.0,1,0,0,0,0,0,0,0
3840891176,huggingface/transformers,103,9,2,3,0,0.6667,0,0,0,0,0,0,0,7
3840750111,huggingface/transformers,11048,288,17,17,0,1.0,403,27,11,3,1,0,26,131
3840744606,huggingface/transformers,158,12,3,3,0,1.0,2,0,0,0,0,0,0,0
3840310150,huggingface/transformers,62320,241,22,22,0,1.0,7,199,55,295,31,8,86,1459
3295236013,pandas-dev/pandas,0,0,0,0,0,0.0,0,0,0,0,0,0,0,0
3530929789,pandas-dev/pandas,581,22,2,2,0,1.0,0,3,0,1,0,0,0,10
3082756385,pandas-dev/pandas,0,0,0,0,0,0.0,0,0,0,0,0,0,0,0
3593466748,pandas-dev/pandas,0,0,0,0,0,0.0,0,0,0,0,0,0,0,0
3293194835,pandas-dev/pandas,851,34,6,6,0,1.0,0,11,0,0,0,0,0,29
3472993753,pandas-dev/pandas,94,9,1,1,0,1.0,0,1,0,0,0,0,0,2
3374284553,pandas-dev/pandas,0,0,0,0,0,0.0,0,0,0,0,0,0,0,0
3056064887,pandas-dev/pandas,195,18,2,2,0,1.0,0,1,0,1,0,0,0,7
3336014387,pandas-dev/pandas,282,24,2,2,0,1.0,0,1,0,1,0,0,0,7
2871512643,pandas-dev/pandas,125,12,2,3,0,0.6667,0,0,0,0,0,0,0,4
3477795619,pandas-dev/pandas,18,4,2,2,0,1.0,0,0,0,0,0,0,0,0
2801885574,pandas-dev/pandas,0,0,0,0,0,0.0,0,0,0,0,0,0,0,0
3652410094,pandas-dev/pandas,741,14,1,1,0,1.0,53,0,0,0,0,0,0,2
3436108904,pandas-dev/pandas,416,23,2,2,0,1.0,0,1,0,3,0,0,1,15
3423512493,pandas-dev/pandas,593,47,6,6,0,1.0,6,4,0,2,0,0,3,3
3386782929,pandas-dev/pandas,0,0,0,0,0,0.0,0,0,0,0,0,0,0,0
3646524400,pandas-dev/pandas,0,0,0,0,0,0.0,0,0,0,0,0,0,0,0
3639262069,pandas-dev/pandas,0,0,0,1,0,0.0,0,0,0,0,0,0,0,0
3513552947,pandas-dev/pandas,42,8,2,2,0,1.0,1,0,0,0,0,0,0,4
3358368640,pandas-dev/pandas,172,8,1,1,0,1.0,0,1,0,0,0,0,0,3
3907739102,pandas-dev/pandas,27,8,2,2,1,1.0,0,0,0,0,0,0,0,1
2862278554,pandas-dev/pandas,586,53,7,7,0,1.0,0,3,1,3,0,0,0,15
3376517132,pandas-dev/pandas,0,0,0,0,0,0.0,0,0,0,0,0,0,0,0
2846906550,pandas-dev/pandas,0,0,0,0,0,0.0,0,0,0,0,0,0,0,0
3310345490,pandas-dev/pandas,0,0,0,0,0,0.0,0,0,0,0,0,0,0,0
3436125604,pandas-dev/pandas,341,31,3,3,0,1.0,0,0,0,6,1,2,1,8
3495136595,pandas-dev/pandas,3734,135,18,18,0,1.0,18,4,0,60,1,0,24,124
3457685742,pandas-dev/pandas,1333,50,4,4,0,1.0,9,8,1,5,1,0,1,35
3099850498,pandas-dev/pandas,0,0,0,0,0,0.0,0,0,0,0,0,0,0,0
3129120762,pandas-dev/pandas,313,13,1,1,0,1.0,0,2,0,0,0,0,0,5
3031618119,pandas-dev/pandas,754,184,31,32,0,0.9688,30,0,0,0,0,0,0,1
3773958729,pandas-dev/pandas,0,0,0,0,0,0.0,0,0,0,0,0,0,0,0
2793806003,pandas-dev/pandas,910,23,2,2,0,1.0,0,3,0,6,1,0,0,15
3736266112,pandas-dev/pandas,415,22,2,2,0,1.0,0,2,0,1,0,0,0,5
2843785163,pandas-dev/pandas,200,11,1,1,0,1.0,0,1,0,0,0,0,0,5
3231053723,pandas-dev/pandas,434,28,2,2,0,1.0,0,1,0,5,0,0,0,9
2917233037,pandas-dev/pandas,271,17,2,2,0,1.0,0,2,0,0,0,0,1,9
3149780457,pandas-dev/pandas,0,0,0,0,0,0.0,0,0,0,0,0,0,0,0
3468996581,pandas-dev/pandas,1249,27,2,2,0,1.0,0,7,1,4,0,0,3,22
3237386088,pandas-dev/pandas,0,0,0,0,0,0.0,0,0,0,0,0,0,0,0
3452602718,pandas-dev/pandas,212,19,2,2,0,1.0,4,1,0,0,0,0,0,6
3405516501,pandas-dev/pandas,0,0,0,0,0,0.0,0,0,0,0,0,0,0,0
3448313784,pandas-dev/pandas,624,55,6,6,0,1.0,0,1,0,0,0,0,0,16
3791308752,pandas-dev/pandas,396,21,2,2,0,1.0,0,2,0,1,0,0,0,6
2960354545,pandas-dev/pandas,0,0,0,0,0,0.0,0,0,0,0,0,0,0,0
3246730543,pandas-dev/pandas,232,26,3,3,0,1.0,3,2,0,1,0,0,1,6
3646489066,pandas-dev/pandas,574,38,5,5,0,1.0,1,29,0,2,0,0,2,1
3519577492,pandas-dev/pandas,561,52,7,7,0,1.0,0,0,0,11,0,0,9,7
3189092799,pandas-dev/pandas,2508,101,13,13,0,1.0,16,0,0,4,0,0,2,69
2803953387,pandas-dev/pandas,502,52,9,14,0,0.6429,13,0,0,1,0,0,0,5
3345280928,pandas-dev/pandas,116,7,1,1,0,1.0,17,0,0,0,0,0,0,0
3783957008,pandas-dev/pandas,767,27,3,3,0,1.0,0,5,0,2,0,0,2,10
3658405804,pandas-dev/pandas,324,18,2,2,0,1.0,0,1,0,1,0,0,0,4
2785595943,pandas-dev/pandas,44,2,1,1,1,1.0,0,0,0,6,0,0,4,0
3105856017,pandas-dev/pandas,0,0,0,0,0,0.0,0,0,0,0,0,0,0,0
3524959376,pandas-dev/pandas,177,9,1,1,0,1.0,0,1,0,0,0,0,0,6
3043493383,pandas-dev/pandas,159,10,1,1,0,1.0,0,4,0,0,0,0,0,0
3492171088,pandas-dev/pandas,0,0,0,0,0,0.0,0,0,0,0,0,0,0,0
3530877055,pandas-dev/pandas,1268,24,2,2,0,1.0,0,6,0,6,0,0,0,30
3143204177,pandas-dev/pandas,2250,12,1,1,0,1.0,112,0,0,0,0,0,0,0
2933980930,pandas-dev/pandas,0,0,0,0,0,0.0,0,0,0,0,0,0,0,0
3366618682,pandas-dev/pandas,202,8,1,1,0,1.0,18,0,0,0,0,0,0,0
2834084061,pandas-dev/pandas,179,17,2,2,0,1.0,0,1,0,1,0,0,1,2
2850796198,pandas-dev/pandas,0,0,0,0,0,0.0,0,0,0,0,0,0,0,0
2871972138,pandas-dev/pandas,0,0,0,0,0,0.0,0,0,0,0,0,0,0,0
3467593659,pandas-dev/pandas,0,0,0,0,0,0.0,0,0,0,0,0,0,0,0
3461089887,pandas-dev/pandas,0,0,0,0,0,0.0,0,0,0,0,0,0,0,0
3140996023,pandas-dev/pandas,13459,110,7,7,0,1.0,0,44,6,126,24,42,72,270
3406506986,pandas-dev/pandas,42,8,1,1,0,1.0,0,0,0,0,0,0,0,2
3280882240,pandas-dev/pandas,353,27,2,2,0,1.0,1,0,0,6,3,0,0,11
3539578745,pandas-dev/pandas,0,0,0,0,0,0.0,0,0,0,0,0,0,0,0
3185567282,pandas-dev/pandas,0,0,0,0,0,0.0,0,0,0,0,0,0,0,0
3436318179,pandas-dev/pandas,587,22,2,2,0,1.0,1,2,0,1,0,0,1,13
2860478036,pandas-dev/pandas,0,0,0,0,0,0.0,0,0,0,0,0,0,0,0
3515076490,pandas-dev/pandas,0,0,0,0,0,0.0,0,0,0,0,0,0,0,0
3245151018,pandas-dev/pandas,98,5,1,1,0,1.0,9,0,0,0,0,0,0,0
2885073479,pandas-dev/pandas,714,30,3,3,0,1.0,1,1,0,1,0,0,0,18
3790213231,pandas-dev/pandas,190,19,2,2,0,1.0,0,1,0,1,1,0,0,4
3201071595,pandas-dev/pandas,194,10,1,1,0,1.0,0,3,0,0,0,0,0,5
3139444513,pandas-dev/pandas,0,0,0,0,0,0.0,0,0,0,0,0,0,0,0
2981857582,pandas-dev/pandas,0,0,0,0,0,0.0,0,0,0,0,0,0,0,0
2977911647,pandas-dev/pandas,321,18,2,2,0,1.0,0,1,0,2,0,0,1,9
2963571687,pandas-dev/pandas,0,0,0,0,0,0.0,0,0,0,0,0,0,0,0
3395622214,pandas-dev/pandas,144,5,1,1,0,1.0,9,0,0,0,0,0,0,0
3850487386,pandas-dev/pandas,0,0,0,1,0,0.0,0,0,0,0,0,0,0,0
3401382084,pandas-dev/pandas,91,10,1,1,0,1.0,0,1,0,0,0,0,0,3
3308817968,pandas-dev/pandas,525,12,1,1,0,1.0,0,1,0,4,0,5,5,7
2887734677,pandas-dev/pandas,91,9,1,1,0,1.0,0,0,1,0,0,0,1,2
3391981820,pandas-dev/pandas,163,17,2,2,0,1.0,0,1,0,0,0,0,2,4
3283907144,pandas-dev/pandas,355,24,2,2,0,1.0,7,1,0,2,0,0,0,3
2942658981,pandas-dev/pandas,349,12,1,1,0,1.0,0,1,0,0,0,0,0,10
3308985899,pandas-dev/pandas,935,77,11,11,0,1.0,8,0,0,0,0,0,0,22
3370590895,pandas-dev/pandas,315,62,7,7,0,1.0,0,0,0,0,0,0,0,6
3248822210,pandas-dev/pandas,308,10,2,2,0,1.0,25,0,0,0,0,0,0,0
3432717346,pandas-dev/pandas,0,0,0,0,0,0.0,0,0,0,0,0,0,0,0
3569832665,pandas-dev/pandas,1937,188,28,28,0,1.0,9,0,0,0,0,0,1,19
3000349241,pandas-dev/pandas,0,0,0,0,0,0.0,0,0,0,0,0,0,0,0
3524038919,pandas-dev/pandas,745,43,3,3,0,1.0,8,1,0,12,0,0,6,19
3183305224,pandas-dev/pandas,0,0,0,0,0,0.0,0,0,0,0,0,0,0,0
3362070671,pandas-dev/pandas,0,0,0,0,0,0.0,0,0,0,0,0,0,0,0
3735916979,pandas-dev/pandas,71,5,1,1,0,1.0,8,0,0,0,0,0,0,0
2822697277,pandas-dev/pandas,189,23,3,3,0,1.0,1,0,0,0,0,0,0,4
3358516395,pandas-dev/pandas,314,21,2,2,0,1.0,0,1,0,3,0,0,0,4
3571062516,pandas-dev/pandas,44,10,1,1,0,1.0,0,0,0,0,0,0,0,1
2876515888,pandas-dev/pandas,67,11,1,1,0,1.0,0,1,0,0,0,0,1,0
3183640705,pandas-dev/pandas,39,4,1,1,0,1.0,6,0,0,0,0,0,0,0
3728989862,pandas-dev/pandas,255,13,1,1,0,1.0,0,1,0,0,0,0,0,5
3228906699,pandas-dev/pandas,36,13,4,4,0,1.0,4,0,0,0,0,0,0,1
3647403927,pandas-dev/pandas,42,6,1,1,0,1.0,0,0,0,0,0,0,0,0
3164267228,pandas-dev/pandas,37,7,1,1,0,1.0,0,0,0,1,0,0,0,1
3495057776,pandas-dev/pandas,1423,15,1,1,0,1.0,0,2,0,30,0,0,6,54
2944697949,pandas-dev/pandas,761,31,2,2,0,1.0,0,2,0,12,1,0,9,8
3641585803,pandas-dev/pandas,0,0,0,0,0,0.0,0,0,0,0,0,0,0,0
3943622921,pandas-dev/pandas,217,15,1,1,0,1.0,0,1,0,0,0,0,0,5
3448276744,pandas-dev/pandas,88,8,1,1,0,1.0,8,0,0,0,0,0,0,0
3092439492,pandas-dev/pandas,464,27,2,2,0,1.0,0,1,0,5,0,0,2,11
3110337671,pandas-dev/pandas,2005,110,11,11,0,1.0,68,11,0,3,0,0,1,42
2948946169,pandas-dev/pandas,1381,50,6,9,0,0.6667,0,0,0,8,0,0,0,36
3599217378,pandas-dev/pandas,0,0,0,0,0,0.0,0,0,0,0,0,0,0,0
3436252717,pandas-dev/pandas,1989,20,2,2,0,1.0,0,9,0,6,0,0,5,37
3791923088,pandas-dev/pandas,65,7,1,1,0,1.0,0,0,0,0,0,0,0,0
3416042889,pandas-dev/pandas,0,0,0,0,0,0.0,0,0,0,0,0,0,0,0
3191484829,pandas-dev/pandas,892,11,1,1,0,1.0,0,3,0,4,0,0,0,9
3665463138,pandas-dev/pandas,290,16,1,1,0,1.0,8,3,0,0,0,0,0,4
3328304666,pandas-dev/pandas,1923,70,5,5,0,1.0,18,6,0,24,0,0,12,27
3652375737,pandas-dev/pandas,187,10,1,1,0,1.0,0,4,0,0,0,0,0,0
3007641243,pandas-dev/pandas,26,7,1,1,0,1.0,0,1,0,0,0,0,0,1
3032423865,pandas-dev/pandas,0,0,0,0,0,0.0,0,0,0,0,0,0,0,0
3166090722,pandas-dev/pandas,85,12,2,2,1,1.0,0,1,0,0,0,0,0,3
3699961429,pandas-dev/pandas,936,32,3,3,0,1.0,0,7,1,11,1,2,9,17
3907300782,pandas-dev/pandas,473,40,6,6,0,1.0,2,2,0,3,1,0,1,5
2871697106,pandas-dev/pandas,1359,26,3,6,0,0.5,0,12,2,4,0,0,5,41
3664130106,pandas-dev/pandas,454,14,1,1,0,1.0,1,8,0,2,0,0,0,9
3324200572,pandas-dev/pandas,34,8,1,1,0,1.0,0,0,0,0,0,0,0,1
3612428124,pandas-dev/pandas,177,10,1,1,0,1.0,0,1,0,0,0,0,0,0
3132476589,pandas-dev/pandas,46906,625,53,54,0,0.9815,321,251,0,10,16,0,12,752
3207992382,pandas-dev/pandas,166,8,1,1,0,1.0,24,0,0,0,0,0,0,3
3914281850,pandas-dev/pandas,121,11,1,1,0,1.0,0,1,0,0,0,0,0,1
3521789354,pandas-dev/pandas,0,0,0,0,0,0.0,0,0,0,0,0,0,0,0
3062508471,pandas-dev/pandas,98,9,1,1,0,1.0,0,2,0,0,0,0,0,3
3205309458,pandas-dev/pandas,6,3,1,1,0,1.0,0,0,0,0,0,0,0,0
3530831752,pandas-dev/pandas,946,20,2,2,0,1.0,0,6,0,2,0,0,0,29
3401476150,pandas-dev/pandas,43,7,1,1,0,1.0,0,2,0,0,0,0,0,0
3376986780,pandas-dev/pandas,197,60,9,9,0,1.0,0,0,0,0,0,0,0,1
2876395494,pandas-dev/pandas,5700,69,5,5,0,1.0,0,30,2,36,0,7,2,120
3625301721,pandas-dev/pandas,31,8,1,1,0,1.0,0,0,0,0,0,0,0,0
3656644773,pandas-dev/pandas,1903,64,6,6,0,1.0,0,25,0,9,0,0,29,32
3907289541,pandas-dev/pandas,0,0,0,0,0,0.0,0,0,0,0,0,0,0,0
3284326759,pandas-dev/pandas,183,10,1,1,0,1.0,0,1,0,0,0,0,0,4
3243211595,pandas-dev/pandas,0,0,0,0,0,0.0,0,0,0,0,0,0,0,0
3372188717,pandas-dev/pandas,0,0,0,0,0,0.0,0,0,0,0,0,0,0,0
3202002967,pandas-dev/pandas,97,14,1,1,0,1.0,9,0,0,0,0,0,0,0
3652359627,pandas-dev/pandas,168,22,2,2,0,1.0,9,1,0,0,0,0,0,4
2787555329,pandas-dev/pandas,1179,25,1,1,0,1.0,0,0,0,20,7,2,2,32
3119964156,pandas-dev/pandas,107,19,2,2,0,1.0,0,2,0,0,0,0,0,2
3705587596,pandas-dev/pandas,369,27,3,3,0,1.0,0,2,0,0,0,0,0,9
3158643821,pandas-dev/pandas,0,0,0,0,0,0.0,0,0,0,0,0,0,0,0
3397876020,pandas-dev/pandas,1912,53,6,6,0,1.0,25,2,0,2,0,0,0,29
3111109324,pandas-dev/pandas,332,26,3,3,0,1.0,0,3,0,0,0,0,0,6
3272577445,pandas-dev/pandas,159,10,1,1,0,1.0,0,1,0,0,0,0,0,3
3231691831,pandas-dev/pandas,0,0,0,0,0,0.0,0,0,0,0,0,0,0,0
3169282307,pandas-dev/pandas,200,11,1,1,0,1.0,19,0,0,0,0,0,0,1
3483198159,pandas-dev/pandas,0,0,0,0,0,0.0,0,0,0,0,0,0,0,0
3472712436,pandas-dev/pandas,419,21,2,2,0,1.0,0,3,0,6,0,0,0,7
3495578543,pandas-dev/pandas,0,0,0,0,0,0.0,0,0,0,0,0,0,0,0
3442076423,pandas-dev/pandas,55,9,1,1,0,1.0,1,0,0,0,0,0,0,0
2835090572,pandas-dev/pandas,1042,17,2,2,0,1.0,0,5,0,17,0,0,0,32
3693548747,pandas-dev/pandas,275,21,2,2,0,1.0,0,2,0,0,0,0,1,4
2945598388,pandas-dev/pandas,139,9,1,1,1,1.0,0,0,0,17,4,0,15,8
3664248743,pandas-dev/pandas,429,26,2,2,0,1.0,0,1,0,4,0,0,0,4
2946838240,pandas-dev/pandas,415,19,2,2,0,1.0,0,2,0,1,0,0,2,14
3133201912,pandas-dev/pandas,0,0,0,0,0,0.0,0,0,0,0,0,0,0,0
2914206460,pandas-dev/pandas,72,10,1,1,0,1.0,0,1,0,1,0,0,0,0
3594258401,pandas-dev/pandas,145,19,2,2,0,1.0,2,0,0,2,0,0,0,1
3201613468,pandas-dev/pandas,200,11,1,1,0,1.0,19,0,0,0,0,0,0,1
3450355629,pandas-dev/pandas,67,8,1,1,0,1.0,3,0,0,0,0,0,0,0
3915372642,pandas-dev/pandas,547,38,4,4,0,1.0,10,3,0,0,0,0,0,7
3610174818,pandas-dev/pandas,436,21,2,2,0,1.0,0,5,0,0,0,0,0,14
3056057701,pandas-dev/pandas,204,25,3,3,0,1.0,10,1,0,0,0,0,0,1
3239259293,pandas-dev/pandas,3049,413,56,56,0,1.0,16,0,0,0,42,0,1,43
3218576607,pandas-dev/pandas,805,25,2,2,0,1.0,0,1,0,3,1,0,0,15
3391935572,pandas-dev/pandas,45,5,1,1,0,1.0,0,0,0,0,0,0,0,0
3711241188,pandas-dev/pandas,266,15,2,2,0,1.0,4,2,0,0,0,0,0,10
2935569111,pandas-dev/pandas,689,34,3,3,0,1.0,0,2,0,1,0,0,0,16
2847198157,pandas-dev/pandas,0,0,0,0,0,0.0,0,0,0,0,0,0,0,0
3465551440,pandas-dev/pandas,0,0,0,0,0,0.0,0,0,0,0,0,0,0,0
3358404370,pandas-dev/pandas,319,10,1,1,0,1.0,0,1,0,0,0,0,0,7
2846405707,pandas-dev/pandas,0,0,0,0,0,0.0,0,0,0,0,0,0,0,0
2992310830,pandas-dev/pandas,67,8,1,1,0,1.0,2,0,0,0,0,0,0,0
3200505966,pandas-dev/pandas,0,0,0,0,0,0.0,0,0,0,0,0,0,0,0
3184852176,pandas-dev/pandas,6,3,1,1,0,1.0,0,0,0,0,0,0,0,0
3037970801,pandas-dev/pandas,24,7,1,1,0,1.0,0,0,0,0,0,0,0,1
2846363657,pandas-dev/pandas,0,0,0,0,0,0.0,0,0,0,0,0,0,0,0
3937379087,pandas-dev/pandas,0,0,0,0,0,0.0,0,0,0,0,0,0,0,0
3252977620,pandas-dev/pandas,0,0,0,0,0,0.0,0,0,0,0,0,0,0,0
2793706507,pandas-dev/pandas,1275,135,20,21,0,0.9524,34,1,0,10,0,0,1,18
2877389205,pandas-dev/pandas,49,9,1,1,0,1.0,0,0,0,0,2,0,0,0
3015090212,pandas-dev/pandas,219,13,1,1,0,1.0,0,2,0,0,0,0,0,6
3086492445,pandas-dev/pandas,238,20,2,2,0,1.0,2,1,0,0,1,0,0,5
3531093904,pandas-dev/pandas,649,27,2,2,0,1.0,0,1,0,5,1,0,1,12
3257735117,pandas-dev/pandas,31,7,1,1,0,1.0,0,0,0,0,0,0,1,0
2990963674,pandas-dev/pandas,107,25,9,9,0,1.0,15,0,0,0,0,0,1,0
3366532146,pandas-dev/pandas,165,14,2,2,0,1.0,17,0,0,0,0,0,0,1
3636872809,pandas-dev/pandas,130,16,2,2,0,1.0,0,1,0,1,0,0,1,2
3358393402,pandas-dev/pandas,175,13,1,1,0,1.0,0,1,0,0,0,0,0,4
2982324050,pandas-dev/pandas,156,16,2,2,0,1.0,0,1,0,2,0,0,1,4
2990586630,pandas-dev/pandas,0,0,0,0,0,0.0,0,0,0,0,0,0,0,0
3401647938,pandas-dev/pandas,1255,13,1,1,0,1.0,5,26,0,0,0,0,4,11
3097142784,pandas-dev/pandas,630,43,5,5,0,1.0,3,0,0,0,0,0,1,23
3483058451,pandas-dev/pandas,3266,334,45,45,0,1.0,11,3,0,0,0,0,0,57
2860153085,pandas-dev/pandas,0,0,0,0,0,0.0,0,0,0,0,0,0,0,0
3477795840,pandas-dev/pandas,300,22,3,4,0,0.75,26,0,0,0,0,0,0,0
3185916164,pandas-dev/pandas,300,16,1,1,0,1.0,0,1,0,0,0,0,0,4
2887110212,pandas-dev/pandas,782,33,2,2,0,1.0,4,1,0,2,3,0,4,12
3482851079,pandas-dev/pandas,168,19,2,2,0,1.0,0,1,0,4,0,0,0,5
2800436934,pandas-dev/pandas,194,28,3,6,0,0.5,0,2,0,1,0,0,1,4
3477782316,pandas-dev/pandas,148,8,1,1,0,1.0,9,0,0,0,0,0,0,1
3447565979,pandas-dev/pandas,175,17,2,6,0,0.3333,1,0,0,2,0,0,0,0
3868138392,pandas-dev/pandas,892,21,3,3,0,1.0,6,4,0,2,0,0,0,21
3652418648,pandas-dev/pandas,281,6,1,1,0,1.0,0,12,0,0,0,0,0,0
2880770321,pandas-dev/pandas,350,21,2,2,0,1.0,3,1,0,0,0,0,1,6
3678053853,pandas-dev/pandas,0,0,0,0,0,0.0,0,0,0,0,0,0,0,0
3054748873,pandas-dev/pandas,241,29,4,4,0,1.0,5,0,0,0,1,0,0,1
3884901222,pandas-dev/pandas,0,0,0,0,0,0.0,0,0,0,0,0,0,0,0
3345666589,pandas-dev/pandas,0,0,0,0,0,0.0,0,0,0,0,0,0,0,0
3487930429,pandas-dev/pandas,14,5,3,3,3,1.0,0,2,0,0,0,0,1,1
3960725715,pandas-dev/pandas,809,26,3,3,0,1.0,0,3,0,0,0,0,1,10
3517910220,pandas-dev/pandas,69,8,1,1,0,1.0,0,0,0,0,0,0,0,2
3366854457,pandas-dev/pandas,0,0,0,0,0,0.0,0,0,0,0,0,0,0,0
3633434201,pandas-dev/pandas,56,8,1,1,0,1.0,2,0,0,0,0,0,0,1
2861633013,pandas-dev/pandas,155,9,1,1,0,1.0,0,0,0,3,0,0,0,1
3207826552,pandas-dev/pandas,515,30,3,3,0,1.0,0,2,0,1,0,0,0,11
3436843530,pandas-dev/pandas,58,19,5,5,0,1.0,0,0,0,0,0,0,0,6
2799861122,pandas-dev/pandas,3,1,1,1,1,1.0,0,0,0,0,0,0,1,0
3056676348,pandas-dev/pandas,2265,43,6,9,1,0.6667,39,1,0,28,2,1,19,31
3431029928,pandas-dev/pandas,297,24,3,3,1,1.0,0,2,0,3,0,0,3,8
3760806588,pandas-dev/pandas,193,27,3,3,0,1.0,0,1,0,0,0,0,0,1
3062256704,pandas-dev/pandas,141,17,2,2,0,1.0,0,1,0,1,0,0,0,2
3311166030,pandas-dev/pandas,898,22,3,3,0,1.0,0,5,0,14,5,0,8,10
3777258281,pandas-dev/pandas,346,17,2,2,0,1.0,0,1,0,1,0,0,0,5
3318805468,pandas-dev/pandas,0,0,0,0,0,0.0,0,0,0,0,0,0,0,0
3130992116,pandas-dev/pandas,1736,222,29,31,0,0.9355,1,54,0,0,0,0,1,53
3460935977,pandas-dev/pandas,268,16,2,2,0,1.0,0,1,0,0,0,0,0,3
3086505372,pandas-dev/pandas,1012,16,1,1,0,1.0,0,6,0,2,0,0,0,23
2948801074,pandas-dev/pandas,131,9,1,1,0,1.0,0,1,0,0,0,0,0,2
3087072336,pandas-dev/pandas,674,23,2,2,0,1.0,0,1,0,7,0,0,1,21
3684777974,pandas-dev/pandas,0,0,0,0,0,0.0,0,0,0,0,0,0,0,0
3379726618,pandas-dev/pandas,153,8,2,2,0,1.0,13,0,0,0,0,0,0,0
3392663387,pandas-dev/pandas,113,12,1,1,0,1.0,0,0,0,1,0,0,2,2
3067971661,pandas-dev/pandas,1156,12,1,1,0,1.0,3,18,0,0,0,0,0,35
3776498063,pandas-dev/pandas,87,7,1,1,0,1.0,9,0,0,0,0,0,0,1
3490058864,pandas-dev/pandas,46,5,1,1,0,1.0,1,0,0,0,0,0,0,0
3604854481,pandas-dev/pandas,86,8,1,1,0,1.0,0,0,0,1,0,0,3,0
3783124291,pandas-dev/pandas,11,4,1,1,0,1.0,0,0,0,0,0,0,0,0
3016506508,pandas-dev/pandas,0,0,0,0,0,0.0,0,0,0,0,0,0,0,0
3379758386,pandas-dev/pandas,141,6,1,1,0,1.0,15,0,0,0,0,0,0,0
2851302041,pandas-dev/pandas,0,0,0,0,0,0.0,0,0,0,0,0,0,0,0
3813353102,pandas-dev/pandas,288,11,1,1,0,1.0,27,0,0,0,0,0,0,1
3751384566,pandas-dev/pandas,0,0,0,0,0,0.0,0,0,0,0,0,0,0,0
2926072414,pandas-dev/pandas,1458,38,3,3,0,1.0,10,8,1,7,1,0,6,25
3665456574,pandas-dev/pandas,1023,34,4,4,0,1.0,7,12,0,1,3,0,0,13
3968276837,pandas-dev/pandas,438,32,3,3,0,1.0,0,3,0,0,0,0,1,8
3914281802,pandas-dev/pandas,221,20,2,2,0,1.0,0,1,0,1,0,0,0,1
3362070932,pandas-dev/pandas,145,17,2,2,0,1.0,0,1,0,1,0,0,0,4
3270542735,pandas-dev/pandas,12,4,1,1,0,1.0,0,0,0,1,0,0,0,0
3138455332,pandas-dev/pandas,116,25,13,13,0,1.0,11,0,0,0,0,0,0,1
3913120529,pandas-dev/pandas,292,18,2,2,0,1.0,0,0,0,0,0,0,0,4
2906487127,pandas-dev/pandas,627,19,2,2,0,1.0,0,2,0,4,0,2,3,7
3679490531,pandas-dev/pandas,129,13,2,2,0,1.0,5,1,0,0,0,0,0,1
3785589937,pandas-dev/pandas,103,8,1,1,0,1.0,7,0,0,1,0,0,0,5
3345314566,pandas-dev/pandas,137,9,1,1,0,1.0,0,0,0,1,0,0,2,4
3358400248,pandas-dev/pandas,120,9,1,1,0,1.0,0,1,0,0,0,0,0,4
3597634966,pandas-dev/pandas,67,9,1,1,0,1.0,0,0,0,2,0,0,0,3
3335049754,pandas-dev/pandas,401,7,1,1,0,1.0,29,0,0,0,0,0,0,0
3494089526,pandas-dev/pandas,555,28,2,2,0,1.0,0,1,0,6,0,0,2,14
2866796906,pandas-dev/pandas,475,106,17,17,0,1.0,1,0,0,2,0,0,3,19
3607432937,pandas-dev/pandas,0,0,0,0,0,0.0,0,0,0,0,0,0,0,0
2850272119,pandas-dev/pandas,271,15,2,2,0,1.0,0,1,0,0,0,0,0,5
3765839234,pandas-dev/pandas,274,18,2,2,0,1.0,0,1,0,2,0,0,0,9
3177636716,pandas-dev/pandas,529,35,4,4,0,1.0,1,3,0,1,3,2,1,18
3226975229,pandas-dev/pandas,0,0,0,0,0,0.0,0,0,0,0,0,0,0,0
2898446359,pandas-dev/pandas,131,11,1,1,0,1.0,0,1,0,0,0,0,0,3
3358290513,pandas-dev/pandas,518,23,2,2,0,1.0,0,1,0,5,0,0,1,15
3487987843,pandas-dev/pandas,172,11,1,1,0,1.0,0,1,0,0,0,0,0,4
2927176601,pandas-dev/pandas,441,14,2,2,1,1.0,0,2,0,3,0,0,0,10
3331102461,pandas-dev/pandas,0,0,0,0,0,0.0,0,0,0,0,0,0,0,0
3385355904,pandas-dev/pandas,0,0,0,0,0,0.0,0,0,0,0,0,0,0,0
3290239611,pandas-dev/pandas,347,19,2,2,0,1.0,0,1,0,0,0,0,0,11
3294132307,pandas-dev/pandas,14,3,1,1,0,1.0,0,1,0,0,0,0,0,0
3550774049,pandas-dev/pandas,480,20,2,2,0,1.0,0,2,0,0,0,0,0,5
3672130440,pandas-dev/pandas,164,8,1,1,0,1.0,12,0,0,0,0,0,0,0
3272757052,pandas-dev/pandas,359,30,3,3,0,1.0,0,2,0,2,0,4,1,9
2847148959,pandas-dev/pandas,423,33,4,4,0,1.0,0,1,0,3,0,0,1,4
3024084625,pandas-dev/pandas,266,11,1,1,0,1.0,0,1,0,1,0,0,1,7
